id,source,object_type,name,display_name,authoritative,available_on_relationships,description,Keep/Remove,Reason,Comment
extraction.benchling_bnt_id,benchling,extraction,benchling_bnt_id,B&T ID,1,,Legacy B&T ID. You probably don't want this.,,,
extraction.benchling_completion_date,benchling,extraction,benchling_completion_date,Extraction Date,1,,The date of HMW DNA extraction,,,
extraction.benchling_dna_260_280_ratio,benchling,extraction,benchling_dna_260_280_ratio,260/280 Ratio,,,Ratio of absorbance at 260/280nm as measured by spectrophotometer,,,
extraction.benchling_eln_file_registry_id,benchling,extraction,benchling_eln_file_registry_id,Extraction Entity Name,1,,Name of extraction entity in Benchling Registry or Sanger Sample ID for those extracted in LRES,,,
extraction.benchling_eln_tissue_id,benchling,extraction,benchling_eln_tissue_id,Tissue ID,1,,Benchling ID for the tissue the extractions is derived from,,,
extraction.benchling_eln_tissue_prep_name,benchling,extraction,benchling_eln_tissue_prep_name,Tissue Prep Name,1,,Benchling name for the tissue prep entity the extraction is derived from,,,
extraction.benchling_extraction_id,benchling,extraction,benchling_extraction_id,Extraction ID,1,,Benchling ID for the extract,,,
extraction.benchling_extraction_name,benchling,extraction,benchling_extraction_name,Extraction Name,1,,Benchling name for the extraction entity,,,
extraction.benchling_extraction_protocol,benchling,extraction,benchling_extraction_protocol,Extraction Protocol,,,DNA extraction protocol as recorded at the time of extraction,,,
extraction.benchling_extraction_qc_result,benchling,extraction,benchling_extraction_qc_result,DNA Extraction Status,1,1,Yes = Extraction passed; No = Extraction failed,,,
extraction.benchling_extraction_type,benchling,extraction,benchling_extraction_type,Extraction Type,1,1,,,,
extraction.benchling_femto_description,benchling,extraction,benchling_femto_description,DNA Femto Description,1,,"The category description, or selection of descriptors for the Femto profile. NA if not recorded",,,
extraction.benchling_fluidx_id,benchling,extraction,benchling_fluidx_id,FluidX ID,1,,Barcode of the extraction container,,,
extraction.benchling_gqn_index,benchling,extraction,benchling_gqn_index,GQN Value,,,"Genome Quality Number for a sample, as measured with a threshold of 10 kb on the Femto",,,
extraction.benchling_location,benchling,extraction,benchling_location,Location,,,Freezer shelf of the DNA extract. Use together with the rack barcode attribute,,,
extraction.benchling_manual_vs_automatic,benchling,extraction,benchling_manual_vs_automatic,Extraction Mechanism,,,"Whether this sample was extracted by hand, ‘manual’, or via a machine,  ‘automatic’",,,
extraction.benchling_name,benchling,extraction,benchling_name,Name,1,,,,,
extraction.benchling_rack,benchling,extraction,benchling_rack,Rack Barcode,1,,Barcode of the rack that the extraction tube is stored in,,,
extraction.benchling_rna_qc_passfail,benchling,extraction,benchling_rna_qc_passfail,RNA QC Result,1,,For RNA: Yes = Extraction passed; No = Extraction failed,,,
extraction.benchling_rna_yield,benchling,extraction,benchling_rna_yield,RNA Yield (ng),1,,Yield of RNA extraction (ng),,,
extraction.benchling_sanger_sample_id,benchling,extraction,benchling_sanger_sample_id,Sanger Sample ID (LRES),1,1,,,,
extraction.benchling_source_extractions_id,benchling,extraction,benchling_source_extractions_id,Source Extractions ID,1,,,Not Populated,,
extraction.benchling_volume_ul,benchling,extraction,benchling_volume_ul,Extraction Volume (µl),1,1,Volume of DNA extraction available in container,,,
extraction.benchling_yield_ng,benchling,extraction,benchling_yield_ng,DNA Yield (ng),1,,Total yield of DNA in an extraction based on the Qubit measurement,,,
extraction.benchling_qubit_concentration_ngul,benchling,extraction,benchling_qubit_concentration_ngul,Qubit Concentration (ng/ul),,,DNA concentration as measured by Qubit,,,
sample.benchling_assigned_by,benchling,sample,benchling_assigned_by,Assigned By,1,,The person that exported the sample from STS,,,
sample.benchling_biosample_id,benchling,sample,benchling_biosample_id,Biosample ID,0,,Biosample ID of the sample,,,
sample.benchling_biospecimen_id,benchling,sample,benchling_biospecimen_id,Biospecimen ID,0,,Biospecimen ID of the sample,,,
sample.benchling_date_sample_received_at_sanger,benchling,sample,benchling_date_sample_received_at_sanger,Date Received at Sanger,0,,Date when sample arrived according to STS,,,
sample.benchling_eln_file_registry_id,benchling,sample,benchling_eln_file_registry_id,,1,,,,,
sample.benchling_eln_tissue_id,benchling,sample,benchling_eln_tissue_id,Tissue ID,1,,Benchling ID for the tissue the sample is derived from,Remove,,
sample.benchling_eln_tissue_name,benchling,sample,benchling_eln_tissue_name,Tissue Name,1,,Name of Tissue entity in Benchling Registry ,,,
sample.benchling_family_representative,benchling,sample,benchling_family_representative,Family Representative,0,,,,,
sample.benchling_genome_size,benchling,sample,benchling_genome_size,Genome Size,0,,Genome size in bp,,,
sample.benchling_lifestage,benchling,sample,benchling_lifestage,Lifestage,0,,Standardised lifestage as per https://github.com/darwintreeoflife/metadata,,,
sample.benchling_organism_part,benchling,sample,benchling_organism_part,Organism Part,0,,Standardised tissue type as per https://github.com/darwintreeoflife/metadata,,,
sample.benchling_preservation_approach,benchling,sample,benchling_preservation_approach,Preservation Approach,0,,Free text description of how the specimen/tissue was stored upon collection,,,
sample.benchling_priority,benchling,sample,benchling_priority,Priority,0,,Sample priority according to STS,,,
sample.benchling_project,benchling,sample,benchling_project,Project,0,,Sample project according to STS,,,
sample.benchling_rack_id,benchling,sample,benchling_rack_id,Rack ID,0,,The Rack ID that the sample is stored in according to STS,,,
sample.benchling_rd_sample,benchling,sample,benchling_rd_sample,R&D Sample,0,,Whether the sample is for R&D,,,
sample.benchling_remaining_weight,benchling,sample,benchling_remaining_weight,Benchling Tissue Remaining Weight,1,,Remaining tissue weight of sample in mg,,,
sample.benchling_sample_set_id,benchling,sample,benchling_sample_set_id,Sample Set ID,0,,Sample set that the sample belongs to according to STS,,,
sample.benchling_scientific_name,benchling,sample,benchling_scientific_name,Scientific Name,0,,,,,
sample.benchling_sex,benchling,sample,benchling_sex,Sex,0,,Standardised sex as per https://github.com/darwintreeoflife/metadata,,,
sample.benchling_size_of_tissue_in_tube,benchling,sample,benchling_size_of_tissue_in_tube,Size of Tissue in Tube,0,,"Approximate tissue size - S, M or L - according to collector, from STS",,,
sample.benchling_taxon_group_phyla,benchling,sample,benchling_taxon_group_phyla,,0,,"Phylum of species, according to STS",,,
sample.benchling_tissue_fluidx_id,benchling,sample,benchling_tissue_fluidx_id,FluidX ID,0,,The container barcode of FluidX tube ID that the sample is stored in,,,
sample.benchling_tray,benchling,sample,benchling_tray,Tray,0,,Tray location in freezer for sample according to STS,,,
sample.benchling_tube_position,benchling,sample,benchling_tube_position,Tube Position,0,,Tube position in rack within freezer for sample according to STS,,,
sample.benchling_extraction_benchling_volume_ul_dna_max,benchling,sample,benchling_extraction_benchling_volume_ul_dna_max,Maximum DNA Extraction Volume Remaining,,,,,,
sample.benchling_tissue_prep_benchling_weight_mg_max,benchling,sample,benchling_tissue_prep_benchling_weight_mg_max,Maximum  Tissue Prep Weight Remaining,1,,,,,
sequencing_request.benchling_bt_id,benchling,sequencing_request,benchling_bt_id,B&T ID,,,Legacy B&T ID. You won't want to use this.,,,
sequencing_request.benchling_cc5_output_includes_kinetics_information,benchling,sequencing_request,benchling_cc5_output_includes_kinetics_information,CC5 Output Includes Kinetic Information,1,,,Remove,,
sequencing_request.benchling_completion_date,benchling,sequencing_request,benchling_completion_date,Completion date,1,,The date on which the sequencing request was completed in Benchling (i.e. passed over to SciOps).,,,
sequencing_request.benchling_eln_file_registry,benchling,sequencing_request,benchling_eln_file_registry,ELN File Registry,1,,,,,
sequencing_request.benchling_eln_file_registry_id,benchling,sequencing_request,benchling_eln_file_registry_id,ELN File Registry ID,1,,,Remove,,
sequencing_request.benchling_fluidx_id,benchling,sequencing_request,benchling_fluidx_id,FluidX ID,1,,Container barcode of the fluidX tube,,,
sequencing_request.benchling_gb_yield_of_ccs_data_required,benchling,sequencing_request,benchling_gb_yield_of_ccs_data_required,Gb Yield of CCS Data Required,1,,,,,
sequencing_request.benchling_include_5mc_cells_in_cpg_motifs,benchling,sequencing_request,benchling_include_5mc_cells_in_cpg_motifs,Include 5mc Cells In CPG Motifs,1,,,Remove,,
sequencing_request.benchling_library_type,benchling,sequencing_request,benchling_library_type,Library Type,1,,,,,
sequencing_request.benchling_nanodrop_260230,benchling,sequencing_request,benchling_nanodrop_260230,260/230 Ratio,1,,Ratio of absorbance at 260/230nm as measured by spectrophotometer,,,
sequencing_request.benchling_nanodrop_concentration_ngul,benchling,sequencing_request,benchling_nanodrop_concentration_ngul,Spectophotometer Concentration (ng/ul),1,,"DNA concentration reading from the spectrophotometer, if many were taken the most recent is shown",,,
sequencing_request.benchling_number_of_smrt_cells_required,benchling,sequencing_request,benchling_number_of_smrt_cells_required,Number of Smrt Cells Required,1,,,,,
sequencing_request.benchling_pipeline,benchling,sequencing_request,benchling_pipeline,Pipeline,1,,,,,
sequencing_request.benchling_plate_name,benchling,sequencing_request,benchling_plate_name,Plate Name,1,,,,,
sequencing_request.benchling_post_spri_concentration_ngul,benchling,sequencing_request,benchling_post_spri_concentration_ngul,Post SPRI Concentration (ng/ul),1,,,,,
sequencing_request.benchling_post_spri_volume_ul,benchling,sequencing_request,benchling_post_spri_volume_ul,Post SPRI Volume (ul),1,,,,,
sequencing_request.benchling_retention_instructions,benchling,sequencing_request,benchling_retention_instructions,Retention Instructions,1,,,,,
sequencing_request.benchling_sample_prep_additional_requirements,benchling,sequencing_request,benchling_sample_prep_additional_requirements,Sample Prep Additional Requirements,1,,,,,
sequencing_request.benchling_sequencing_platform,benchling,sequencing_request,benchling_sequencing_platform,Sequencing Platform,1,1,,,,
sequencing_request.benchling_sheared_femto_fragment_size_bp,benchling,sequencing_request,benchling_sheared_femto_fragment_size_bp,Sheared Femto Fragment Size (bp),1,,,,,
sequencing_request.benchling_source,benchling,sequencing_request,benchling_source,Source,1,,The route within Benchling that the sequencing request come via,,,
sequencing_request.benchling_submission_display_id,benchling,sequencing_request,benchling_submission_display_id,Submission Display ID,,,,,,
sequencing_request.benchling_submission_sample_id,benchling,sequencing_request,benchling_submission_sample_id,Submission Sample ID,1,,,,,
sequencing_request.benchling_submission_sample_name,benchling,sequencing_request,benchling_submission_sample_name,Submission Sample Name,1,,,,,
sequencing_request.benchling_tube_id,benchling,sequencing_request,benchling_tube_id,Tube ID,,,,,,
species.benchling_sequencing_request_benchling_completion_date_hic_min,benchling,species,benchling_sequencing_request_benchling_completion_date_hic_min,Earliest HiC Request,1,,The earliest HiC submission made for the species,,,
species.benchling_sequencing_request_benchling_completion_date_pacbio_min,benchling,species,benchling_sequencing_request_benchling_completion_date_pacbio_min,Earliest PacBio Request,1,,The earliest PacBio submission made for the species,,,
species.benchling_extraction_benchling_completion_date_max,benchling,species,benchling_extraction_benchling_completion_date_max,Latest Extraction Date,1,,The latest date an extraction of this species has been performed,Remove,,
species.benchling_extraction_benchling_completion_date_min,benchling,species,benchling_extraction_benchling_completion_date_min,Earliest Extraction Date,1,,The earliest date an extraction of this species has been performed,Remove,,
species.benchling_extraction_count,benchling,species,benchling_extraction_count,Number of extractions,1,,Number of extractions performed on the species,Remove,,
species.benchling_sample_count,benchling,species,benchling_sample_count,Number of Samples In Benchling,1,1,Samples of the species exported in Benchling,,,
species.benchling_sequencing_request_benchling_completion_date_hic_max,benchling,species,benchling_sequencing_request_benchling_completion_date_hic_max,Latest HiC Sequencing Request Completion Date,1,,,,,
species.benchling_sequencing_request_benchling_completion_date_rnaseq_max,benchling,species,benchling_sequencing_request_benchling_completion_date_rnaseq_max,Latest RNASeq Sequencing Request Completion Date,1,,,,,
species.benchling_sequencing_request_count,benchling,species,benchling_sequencing_request_count,Number of Sequencing Requests,1,,Count of total sequencing requests (of all platforms) made in Benchling,Remove,,
species.benchling_sequencing_request_hic_count,benchling,species,benchling_sequencing_request_hic_count,Number of HiC Sequencing Requests,1,,Count of total HiC sequencing requests made in Benchling,,,
species.benchling_sequencing_request_ont_count,benchling,species,benchling_sequencing_request_ont_count,Number of ONT Sequencing Requests,1,,,,,
species.benchling_sequencing_request_pacbio_count,benchling,species,benchling_sequencing_request_pacbio_count,Number of PacBio Sequencing Requests,1,,Count of total PacBio sequencing requests made in Benchling,,,
species.benchling_sequencing_request_rnaseq_count,benchling,species,benchling_sequencing_request_rnaseq_count,Number of RNASeq Sequencing Requests,1,,,,,
species.benchling_sequencing_request_wgs_count,benchling,species,benchling_sequencing_request_wgs_count,Number of WGS Sequencing Requests,1,,,,,
species.benchling_tissue_prep_benchling_sampleprep_date_max,benchling,species,benchling_tissue_prep_benchling_sampleprep_date_max,Date of Latest Tissue Prep,1,,,,,
species.benchling_tissue_prep_count,benchling,species,benchling_tissue_prep_count,Number of Tissue Preps,1,,,,,
species.benchling_extraction_benchling_volume_ul_dna_max,benchling,species,benchling_extraction_benchling_volume_ul_dna_max,Maximum DNA Extraction Volume Remaining,,,,,,
species.benchling_sample_benchling_remaining_weight_max,benchling,species,benchling_sample_benchling_remaining_weight_max,Maximum Tissue in Benchling Weight Remaining,,,,,,
species.benchling_tissue_prep_benchling_weight_mg_max,benchling,species,benchling_tissue_prep_benchling_weight_mg_max,Maximum  Tissue Prep Weight Remaining,,,,,,
tissue_prep.benchling_disruption_method,benchling,tissue_prep,benchling_disruption_method,Disruption Method,,1,"Bead beating, cryoprep, powermash, or NA if not recorded",,,
tissue_prep.benchling_downstream_protocol,benchling,tissue_prep,benchling_downstream_protocol,Downstream Protocol,1,1,,,,
tissue_prep.benchling_extraction_benchling_volume_ul_dna_max,benchling,tissue_prep,benchling_extraction_benchling_volume_ul_dna_max,Maximum DNA Extraction Volume Remaining,1,,,,,
tissue_prep.benchling_weight_mg,benchling,tissue_prep,benchling_weight_mg,Tissue Prep Weight (mg),,1,Weight of the tissue prep in mg,,,
tissue_prep.benchling_sampleprep_date,benchling,tissue_prep,benchling_sampleprep_date,Sample Prep Date,,,,,,
tissue_prep.benchling_tissue_prep_fluidx_id,benchling,tissue_prep,benchling_tissue_prep_fluidx_id,Fluidx ID,,,,,,
tissue_prep.benchling_tube_location,benchling,tissue_prep,benchling_tube_location,Tissue Prep Tube Location,,,,,,
tolid.benchling_extraction_count,benchling,tolid,benchling_extraction_count,Number of Extractions,,,,,,
tolid.benchling_sample_count,benchling,tolid,benchling_sample_count,Number of Samples Exported to Benchling,,,,,,
tolid.benchling_tissue_prep_benchling_sampleprep_date_max,benchling,tolid,benchling_tissue_prep_benchling_sampleprep_date_max,Latest Tissue Prep Date,,,,,,
tolid.benchling_tissue_prep_benchling_sampleprep_date_min,benchling,tolid,benchling_tissue_prep_benchling_sampleprep_date_min,Earliest Tissue Prep Date,,,,,,
tolid.benchling_tissue_prep_count,benchling,tolid,benchling_tissue_prep_count,Number of Tissue Preps,1,,,,,
tolid.benchling_pacbio_completed_sequencing_request_count,benchling,tolid,benchling_pacbio_completed_sequencing_request_count,Completed Pacbio Sequencing Requests,1,1,Number of Pacbio requests that have completed,,,
tolid.benchling_pacbio_sequencing_request_count,benchling,tolid,benchling_pacbio_sequencing_request_count,Total Pacbio Submissions to SciOps,1,1,Total number of Pacbio sequencing requests sent to SciOps.,,,
tolid.benchling_extraction_benchling_volume_ul_dna_max,benchling,tolid,benchling_extraction_benchling_volume_ul_dna_max,Maximum DNA Extraction Volume Remaining,,1,,,,
tolid.benchling_sample_benchling_remaining_weight_max,benchling,tolid,benchling_sample_benchling_remaining_weight_max,Maximum Tissue in Benchling Weight Remaining,1,1,,,,
tolid.benchling_tissue_prep_benchling_weight_mg_max,benchling,tolid,benchling_tissue_prep_benchling_weight_mg_max,Maximum  Tissue Prep Weight Remaining,,1,,,,
tolid .benchling_sequencing_request_count,benchling,tolid ,benchling_sequencing_request_count,Number of Sequencing Requests,1,,,,,
sequencing_request.benchling_priority,benchling,sequencing_request,benchling_priority,,,,,,,
tissue_prep.benchling_eln_tissue_id,benchling,tissue_prep,benchling_eln_tissue_id,,,,,,,
extraction.benchling_next_step,benchling,extraction,benchling_next_step,Next Step,,,The choice taken for the next step for an individual DNA extraction,,,
tissue_prep.benchling_eln_tissue_prep_name,benchling,tissue_prep,benchling_eln_tissue_prep_name,Tissue Prep Name,,,,,,
extraction.benchling_femto_date_code,benchling,extraction,benchling_femto_date_code,Femto Date Code,,,,,,
tissue_prep.benchling_tissue_prep_bnt_id,benchling,tissue_prep,benchling_tissue_prep_bnt_id,,,,,,,
sample.benchling_location,benchling,sample,benchling_location,,,,,,,
extraction.benchling_nanodrop_concentration_ngul,benchling,extraction,benchling_nanodrop_concentration_ngul,Nanodrop Concentration (ng/ul),,,,,,
tissue_prep.benchling_specimen_id,benchling,tissue_prep,benchling_specimen_id,,,,,,,
tissue_prep.benchling_tissue_prep_type,benchling,tissue_prep,benchling_tissue_prep_type,Tissue Prep Type,,,,,,
tissue_prep.benchling_sciops_protocol_required,benchling,tissue_prep,benchling_sciops_protocol_required,,,,,,,
tissue_prep.benchling_labwork_category_sts,benchling,tissue_prep,benchling_labwork_category_sts,,,,,,,
sequencing_request.benchling_nanodrop_260280,benchling,sequencing_request,benchling_nanodrop_260280,260/280 Ratio,,,,,,
sample.benchling_date_assigned_to_lab,benchling,sample,benchling_date_assigned_to_lab,Date Assigned to Lab,,,,,,
extraction.benchling_dna_260_230_ratio,benchling,extraction,benchling_dna_260_230_ratio,260/230 Ratio,,,,,,
sample.benchling_sequencing_request_benchling_completion_date_hic_min,benchling,sample,benchling_sequencing_request_benchling_completion_date_hic_min,Earliest HiC Request,,,,,,
species.benchling_sequencing_request_benchling_completion_date_pacbio_max,benchling,species,benchling_sequencing_request_benchling_completion_date_pacbio_max,Latest PacBio Request,,,,,,
tolid.benchling_extraction_benchling_volume_ul_rna_min,benchling,tolid,benchling_extraction_benchling_volume_ul_rna_min,,,,,,,
tissue_prep.benchling_extraction_benchling_volume_ul_rna_min,benchling,tissue_prep,benchling_extraction_benchling_volume_ul_rna_min,,,,,,,
sample.benchling_sequencing_request_benchling_completion_date_hic_max,benchling,sample,benchling_sequencing_request_benchling_completion_date_hic_max,Latest HiC Request,,,,,,
tolid.benchling_extraction_dna_count,benchling,tolid,benchling_extraction_dna_count,,,,,,,
sample.benchling_sequencing_request_wgs_count,benchling,sample,benchling_sequencing_request_wgs_count,,,,,,,
sample.benchling_sequencing_request_count,benchling,sample,benchling_sequencing_request_count,,,,,,,
species.benchling_extraction_rna_count,benchling,species,benchling_extraction_rna_count,,,,,,,
sample.benchling_sequencing_request_benchling_completion_date_rnaseq_max,benchling,sample,benchling_sequencing_request_benchling_completion_date_rnaseq_max,Latest RNASeq Request,,,,,,
tolid.benchling_extraction_benchling_volume_ul_pooled_dna_max,benchling,tolid,benchling_extraction_benchling_volume_ul_pooled_dna_max,,,,,,,
tissue_prep.benchling_extraction_rna_count,benchling,tissue_prep,benchling_extraction_rna_count,,,,,,,
sample.benchling_sequencing_request_benchling_completion_date_wgs_max,benchling,sample,benchling_sequencing_request_benchling_completion_date_wgs_max,,,,,,,
tissue_prep.benchling_extraction_lres_count,benchling,tissue_prep,benchling_extraction_lres_count,,,,,,,
tolid.benchling_extraction_lres_count,benchling,tolid,benchling_extraction_lres_count,,,,,,,
species.benchling_tissue_prep_benchling_weight_mg_sum,benchling,species,benchling_tissue_prep_benchling_weight_mg_sum,,,,,,,
species.benchling_extraction_benchling_volume_ul_lres_sum,benchling,species,benchling_extraction_benchling_volume_ul_lres_sum,,,,,,,
tolid.benchling_extraction_benchling_volume_ul_min,benchling,tolid,benchling_extraction_benchling_volume_ul_min,,,,,,,
species.benchling_extraction_benchling_volume_ul_pooled_dna_sum,benchling,species,benchling_extraction_benchling_volume_ul_pooled_dna_sum,,,,,,,
species.benchling_extraction_benchling_volume_ul_pooled_dna_max,benchling,species,benchling_extraction_benchling_volume_ul_pooled_dna_max,,,,,,,
tissue_prep.benchling_extraction_benchling_volume_ul_pooled_dna_min,benchling,tissue_prep,benchling_extraction_benchling_volume_ul_pooled_dna_min,,,,,,,
tolid.benchling_extraction_benchling_volume_ul_max,benchling,tolid,benchling_extraction_benchling_volume_ul_max,,,,,,,
sample.benchling_extraction_benchling_volume_ul_rna_max,benchling,sample,benchling_extraction_benchling_volume_ul_rna_max,,,,,,,
tissue_prep.benchling_extraction_benchling_volume_ul_dna_min,benchling,tissue_prep,benchling_extraction_benchling_volume_ul_dna_min,,,,,,,
sample.benchling_extraction_pooled_dna_count,benchling,sample,benchling_extraction_pooled_dna_count,,,,,,,
species.benchling_extraction_benchling_volume_ul_dna_min,benchling,species,benchling_extraction_benchling_volume_ul_dna_min,,,,,,,
species.benchling_sample_benchling_remaining_weight_sum,benchling,species,benchling_sample_benchling_remaining_weight_sum,,,,,,,
species.benchling_extraction_benchling_volume_ul_rna_max,benchling,species,benchling_extraction_benchling_volume_ul_rna_max,,,,,,,
sample.benchling_sequencing_request_hic_count,benchling,sample,benchling_sequencing_request_hic_count,,,,,,,
sample.benchling_sequencing_request_benchling_completion_date_pacbio_min,benchling,sample,benchling_sequencing_request_benchling_completion_date_pacbio_min,Earliest PacBio Request,,,,,,
species.benchling_sequencing_request_benchling_completion_date_wgs_min,benchling,species,benchling_sequencing_request_benchling_completion_date_wgs_min,,,,,,,
sample.benchling_sequencing_request_benchling_completion_date_wgs_min,benchling,sample,benchling_sequencing_request_benchling_completion_date_wgs_min,,,,,,,
species.benchling_sample_benchling_remaining_weight_min,benchling,species,benchling_sample_benchling_remaining_weight_min,,,,,,,
tolid.benchling_extraction_calc_dna_volume_remaining_max,benchling,tolid,benchling_extraction_calc_dna_volume_remaining_max,,,,,,,
species.benchling_sequencing_request_benchling_completion_date_ont_min,benchling,species,benchling_sequencing_request_benchling_completion_date_ont_min,,,,,,,
sample.benchling_extraction_dna_count,benchling,sample,benchling_extraction_dna_count,,,,,,,
tolid.benchling_extraction_rna_count,benchling,tolid,benchling_extraction_rna_count,,,,,,,
sample.benchling_sequencing_request_benchling_completion_date_max,benchling,sample,benchling_sequencing_request_benchling_completion_date_max,,,,,,,
sample.benchling_sequencing_request_mlwh_volume_remaining_min,benchling,sample,benchling_sequencing_request_mlwh_volume_remaining_min,,,,,,,
species.benchling_extraction_lres_count,benchling,species,benchling_extraction_lres_count,,,,,,,
tissue_prep.benchling_extraction_benchling_volume_ul_pooled_dna_max,benchling,tissue_prep,benchling_extraction_benchling_volume_ul_pooled_dna_max,,,,,,,
sample.benchling_tissue_prep_benchling_weight_mg_min,benchling,sample,benchling_tissue_prep_benchling_weight_mg_min,,,,,,,
species.benchling_extraction_benchling_volume_ul_dna_sum,benchling,species,benchling_extraction_benchling_volume_ul_dna_sum,,,,,,,
sample.benchling_tissue_prep_count,benchling,sample,benchling_tissue_prep_count,,,,,,,
sample.benchling_tissue_prep_benchling_sampleprep_date_max,benchling,sample,benchling_tissue_prep_benchling_sampleprep_date_max,,,,,,,
sample.benchling_sequencing_request_benchling_completion_date_ont_min,benchling,sample,benchling_sequencing_request_benchling_completion_date_ont_min,,,,,,,
sample.benchling_tissue_prep_benchling_sampleprep_date_min,benchling,sample,benchling_tissue_prep_benchling_sampleprep_date_min,,,,,,,
sample.benchling_sequencing_request_benchling_completion_date_rnaseq_min,benchling,sample,benchling_sequencing_request_benchling_completion_date_rnaseq_min,,,,,,,
sample.benchling_extraction_benchling_volume_ul_rna_min,benchling,sample,benchling_extraction_benchling_volume_ul_rna_min,,,,,,,
sample.benchling_sequencing_request_pacbio_count,benchling,sample,benchling_sequencing_request_pacbio_count,,,,,,,
tissue_prep.benchling_extraction_dna_count,benchling,tissue_prep,benchling_extraction_dna_count,,,,,,,
sample.benchling_sequencing_request_benchling_completion_date_ont_max,benchling,sample,benchling_sequencing_request_benchling_completion_date_ont_max,,,,,,,
sample.benchling_extraction_benchling_volume_ul_pooled_dna_max,benchling,sample,benchling_extraction_benchling_volume_ul_pooled_dna_max,,,,,,,
tolid.benchling_extraction_benchling_volume_ul_pooled_dna_min,benchling,tolid,benchling_extraction_benchling_volume_ul_pooled_dna_min,,,,,,,
species.benchling_tissue_prep_benchling_sampleprep_date_min,benchling,species,benchling_tissue_prep_benchling_sampleprep_date_min,,,,,,,
tolid.benchling_extraction_benchling_volume_ul_rna_max,benchling,tolid,benchling_extraction_benchling_volume_ul_rna_max,,,,,,,
sample.benchling_extraction_benchling_volume_ul_pooled_dna_min,benchling,sample,benchling_extraction_benchling_volume_ul_pooled_dna_min,,,,,,,
species.benchling_sequencing_request_benchling_completion_date_rnaseq_min,benchling,species,benchling_sequencing_request_benchling_completion_date_rnaseq_min,,,,,,,
tissue_prep.benchling_extraction_benchling_volume_ul_rna_max,benchling,tissue_prep,benchling_extraction_benchling_volume_ul_rna_max,,,,,,,
species.benchling_extraction_benchling_volume_ul_rna_sum,benchling,species,benchling_extraction_benchling_volume_ul_rna_sum,,,,,,,
species.benchling_sequencing_request_benchling_completion_date_ont_max,benchling,species,benchling_sequencing_request_benchling_completion_date_ont_max,,,,,,,
tolid.benchling_extraction_pooled_dna_count,benchling,tolid,benchling_extraction_pooled_dna_count,,,,,,,
species.benchling_extraction_benchling_volume_ul_rna_min,benchling,species,benchling_extraction_benchling_volume_ul_rna_min,,,,,,,
tolid.benchling_tissue_prep_benchling_weight_mg_min,benchling,tolid,benchling_tissue_prep_benchling_weight_mg_min,,,,,,,
species.benchling_extraction_dna_count,benchling,species,benchling_extraction_dna_count,,,,,,,
sample.benchling_sequencing_request_benchling_completion_date_pacbio_max,benchling,sample,benchling_sequencing_request_benchling_completion_date_pacbio_max,Latest PacBio Request,,,,,,
species.benchling_sequencing_request_benchling_completion_date_wgs_max,benchling,species,benchling_sequencing_request_benchling_completion_date_wgs_max,,,,,,,
sample.benchling_sequencing_request_benchling_completion_date_min,benchling,sample,benchling_sequencing_request_benchling_completion_date_min,,,,,,,
sample.benchling_extraction_rna_count,benchling,sample,benchling_extraction_rna_count,Number of RNA Extractions,,,,,,
sample.benchling_sequencing_request_rnaseq_count,benchling,sample,benchling_sequencing_request_rnaseq_count,,,,,,,
species.benchling_extraction_pooled_dna_count,benchling,species,benchling_extraction_pooled_dna_count,,,,,,,
tolid.benchling_extraction_calc_dna_volume_remaining_min,benchling,tolid,benchling_extraction_calc_dna_volume_remaining_min,,,,,,,
species.benchling_extraction_benchling_volume_ul_pooled_dna_min,benchling,species,benchling_extraction_benchling_volume_ul_pooled_dna_min,,,,,,,
species.benchling_tissue_prep_benchling_weight_mg_min,benchling,species,benchling_tissue_prep_benchling_weight_mg_min,,,,,,,
sample.benchling_sequencing_request_mlwh_volume_remaining_max,benchling,sample,benchling_sequencing_request_mlwh_volume_remaining_max,,,,,,,
tissue_prep.benchling_extraction_pooled_dna_count,benchling,tissue_prep,benchling_extraction_pooled_dna_count,,,,,,,
tolid.benchling_sample_benchling_remaining_weight_min,benchling,tolid,benchling_sample_benchling_remaining_weight_min,,,,,,,
tolid.benchling_extraction_benchling_volume_ul_dna_min,benchling,tolid,benchling_extraction_benchling_volume_ul_dna_min,,,,,,,
sample.benchling_extraction_lres_count,benchling,sample,benchling_extraction_lres_count,,,,,,,
sample.benchling_sequencing_request_ont_count,benchling,sample,benchling_sequencing_request_ont_count,,,,,,,
sample.benchling_extraction_benchling_volume_ul_dna_min,benchling,sample,benchling_extraction_benchling_volume_ul_dna_min,,,,,,,
sample.bioscan_qc_sanger_qc_result,bioscan,sample,bioscan_qc_sanger_qc_result,Sanger QC Result,,,,,,
sample.bioscan_qc_sanger_qc_description,bioscan,sample,bioscan_qc_sanger_qc_description,Sanger QC Description,,,For more information and details about the BIOSCAN QC please visit (https://github.com/aswitwicka/BIOSCAN_QC),,,
sample.bold_kingdom,bold,sample,bold_kingdom,BOLD: Kingdom,1,,,,,
sample.bold_order,bold,sample,bold_order,BOLD: Order,1,,,,,
sample.bold_phylum,bold,sample,bold_phylum,BOLD: Phylum,1,,,,,
sample.bold_class,bold,sample,bold_class,BOLD: Class,1,,,,,
sample.bold_order,bold,sample,bold_order,BOLD: Order,1,,Taxonomic identification from the BOLD ID Engine and Classifier based on the DNA barcode,,,
sample.bold_family,bold,sample,bold_family,BOLD: Family,1,,Taxonomic identification from the BOLD ID Engine and Classifier based on the DNA barcode,,,
sample.bold_subfamily,bold,sample,bold_subfamily,BOLD: Sub-family,1,,,,,
sample.bold_tribe,bold,sample,bold_tribe,BOLD: Tribe,1,,,,,
sample.bold_genus,bold,sample,bold_genus,BOLD: Genus,1,,Taxonomic identification from the BOLD ID Engine and Classifier based on the DNA barcode,,,
sample.bold_species,bold,sample,bold_species,BOLD: Species,1,,Taxonomic identification from the BOLD ID Engine and Classifier based on the DNA barcode,,,
sample.bold_sequence_run_site,bold,sample,bold_sequence_run_site,Sequence Run Site,1,,,Remove,,
sample.bold_nuc,bold,sample,bold_nuc,BOLD:COISequence,1,,DNA barcode sequence of the specimen,,,
sample.bold_nuc_basecount,bold,sample,bold_nuc_basecount,BOLD:COISize,1,,,,,
sample.bold_sequence_upload_date,bold,sample,bold_sequence_upload_date,BOLD:SequenceUploadDate,1,,,,,
sample.bold_bin_uri,bold,sample,bold_bin_uri,BOLD:BIN,1,,Barcode Index Number from BOLD which links out to BIN page,,,
sample.bold_bin_created_date,bold,sample,bold_bin_created_date,BOLD:BINCreatedDate,1,,,,,
sample.bold_collectors,bold,sample,bold_collectors,Partner: Collectors,1,,,,,
sample.bold_marker_code,bold,sample,bold_marker_code,,,,,,,
sample.bold_processid_minted_date,bold,sample,bold_processid_minted_date,,,,,,,
sample.bold_specimenid,bold,sample,bold_specimenid,,,,,,,
sample.bold_identification_method,bold,sample,bold_identification_method,,,,,,,
sample.bold_record_id,bold,sample,bold_record_id,,,,,,,
sample.bold_short_note,bold,sample,bold_short_note,,,,,,,
sample.bold_sampling_protocol,bold,sample,bold_sampling_protocol,,,,,,,
sample.bold_country_iso,bold,sample,bold_country_iso,,,,,,,
sample.bold_processid,bold,sample,bold_processid,,,,,,,
sample.bold_tissue_type,bold,sample,bold_tissue_type,,,,,,,
sample.bold_province/state,bold,sample,bold_province/state,,,,,,,
sample.bold_bold_recordset_code_arr,bold,sample,bold_bold_recordset_code_arr,,,,,,,
sample.bold_collection_date_start,bold,sample,bold_collection_date_start,,,,,,,
sample.bold_inst,bold,sample,bold_inst,,,,,,,
sample.bold_geoid,bold,sample,bold_geoid,,,,,,,
sample.bold_coord,bold,sample,bold_coord,,,,,,,
sample.bold_country/ocean,bold,sample,bold_country/ocean,,,,,,,
sample.bold_taxid,bold,sample,bold_taxid,,,,,,,
sample.bold_insdc_acs,bold,sample,bold_insdc_acs,,,,,,,
sample.bold_site,bold,sample,bold_site,,,,,,,
sample.bold_identified_by,bold,sample,bold_identified_by,,,,,,,
sample.bold_fieldid,bold,sample,bold_fieldid,,,,,,,
sample.bold_collection_code,bold,sample,bold_collection_code,,,,,,,
sample.bold_taxonomy_notes,bold,sample,bold_taxonomy_notes,,,,,,,
sample.bold_species_reference,bold,sample,bold_species_reference,,,,,,,
sample.bold_museumid,bold,sample,bold_museumid,,,,,,,
sample.bold_coord_source,bold,sample,bold_coord_source,,,,,,,
sample.bold_coord_accuracy,bold,sample,bold_coord_accuracy,,,,,,,
sample.bold_site_code,bold,sample,bold_site_code,,,,,,,
sample.bold_sex,bold,sample,bold_sex,,,,,,,
sample.bold_reproduction,bold,sample,bold_reproduction,,,,,,,
sample.bold_region,bold,sample,bold_region,,,,,,,
sample.bold_sector,bold,sample,bold_sector,,,,,,,
sample.bold_voucher_type,bold,sample,bold_voucher_type,,,,,,,
sample.bold_elev,bold,sample,bold_elev,,,,,,,
sample.bold_life_stage,bold,sample,bold_life_stage,,,,,,,
sample.bold_habitat,bold,sample,bold_habitat,,,,,,,
sample.bold_collection_event_id,bold,sample,bold_collection_event_id,,,,,,,
sample.bold_collection_date_end,bold,sample,bold_collection_date_end,,,,,,,
sample.bold_elev_accuracy,bold,sample,bold_elev_accuracy,,,,,,,
sample.bold_notes,bold,sample,bold_notes,,,,,,,
sample.bold_associated_taxa,bold,sample,bold_associated_taxa,,,,,,,
sample.bold_collection_notes,bold,sample,bold_collection_notes,,,,,,,
sample.bold_associated_specimens,bold,sample,bold_associated_specimens,,,,,,,
extraction.calc_benchling_volume_ul,calc,extraction,calc_benchling_volume_ul,,,,,,,
sample.calc_sample_eligible_for_sts_table,calc,sample,calc_sample_eligible_for_sts_table,,,,,,,
sample.calc_benchling_remaining_weight,calc,sample,calc_benchling_remaining_weight,,,,,,,
tissue_prep.calc_benchling_weight_mg,calc,tissue_prep,calc_benchling_weight_mg,,,,,,,
sample.calc_sts_export_eligible,calc,sample,calc_sts_export_eligible,,,,,,,
species.calc_species_out_for_recollection,calc,species,calc_species_out_for_recollection,,,,,,,
species.calc_extraction_calc_benchling_volume_ul_rna_max,calc,species,calc_extraction_calc_benchling_volume_ul_rna_max,,,,,,,
tolid.calc_extraction_rna_count,calc,tolid,calc_extraction_rna_count,,,,,,,
tolid.calc_extraction_calc_benchling_volume_ul_lres_max,calc,tolid,calc_extraction_calc_benchling_volume_ul_lres_max,,,,,,,
sample.calc_extraction_pooled_dna_count,calc,sample,calc_extraction_pooled_dna_count,,,,,,,
species.calc_extraction_calc_benchling_volume_ul_pooled_dna_min,calc,species,calc_extraction_calc_benchling_volume_ul_pooled_dna_min,,,,,,,
species.calc_tolid_count,calc,species,calc_tolid_count,,,,,,,
tissue_prep.calc_extraction_calc_benchling_volume_ul_rna_min,calc,tissue_prep,calc_extraction_calc_benchling_volume_ul_rna_min,,,,,,,
tolid.calc_extraction_calc_benchling_volume_ul_pooled_dna_max,calc,tolid,calc_extraction_calc_benchling_volume_ul_pooled_dna_max,,,,,,,
sample.calc_sequencing_request_count,calc,sample,calc_sequencing_request_count,,,,,,,
species.calc_extraction_calc_benchling_volume_ul_pooled_dna_sum,calc,species,calc_extraction_calc_benchling_volume_ul_pooled_dna_sum,,,,,,,
tolid.calc_extraction_calc_benchling_volume_ul_rna_min,calc,tolid,calc_extraction_calc_benchling_volume_ul_rna_min,,,,,,,
tolid.calc_extraction_lres_count,calc,tolid,calc_extraction_lres_count,,,,,,,
tissue_prep.calc_extraction_pooled_dna_count,calc,tissue_prep,calc_extraction_pooled_dna_count,,,,,,,
tissue_prep.calc_extraction_calc_benchling_volume_ul_pooled_dna_max,calc,tissue_prep,calc_extraction_calc_benchling_volume_ul_pooled_dna_max,,,,,,,
tissue_prep.calc_sequencing_request_count,calc,tissue_prep,calc_sequencing_request_count,,,,,,,
sample.calc_extraction_calc_benchling_volume_ul_rna_min,calc,sample,calc_extraction_calc_benchling_volume_ul_rna_min,,,,,,,
sample.calc_extraction_calc_benchling_volume_ul_pooled_dna_max,calc,sample,calc_extraction_calc_benchling_volume_ul_pooled_dna_max,,,,,,,
sample.calc_extraction_lres_count,calc,sample,calc_extraction_lres_count,,,,,,,
species.calc_extraction_dna_count,calc,species,calc_extraction_dna_count,,,,,,,
tissue_prep.calc_extraction_calc_benchling_volume_ul_lres_min,calc,tissue_prep,calc_extraction_calc_benchling_volume_ul_lres_min,,,,,,,
species.calc_extraction_calc_benchling_volume_ul_rna_sum,calc,species,calc_extraction_calc_benchling_volume_ul_rna_sum,,,,,,,
species.calc_extraction_calc_benchling_volume_ul_lres_max,calc,species,calc_extraction_calc_benchling_volume_ul_lres_max,,,,,,,
tissue_prep.calc_extraction_dna_count,calc,tissue_prep,calc_extraction_dna_count,,,,,,,
tolid.calc_extraction_pooled_dna_count,calc,tolid,calc_extraction_pooled_dna_count,,,,,,,
tolid.calc_sample_count,calc,tolid,calc_sample_count,,,,,,,
species.calc_extraction_calc_benchling_volume_ul_dna_sum,calc,species,calc_extraction_calc_benchling_volume_ul_dna_sum,,,,,,,
tissue_prep.calc_sequencing_request_calc_mlwh_volume_remaining_min,calc,tissue_prep,calc_sequencing_request_calc_mlwh_volume_remaining_min,,,,,,,
species.calc_sample_count,calc,species,calc_sample_count,,,,,,,
tissue_prep.calc_extraction_calc_benchling_volume_ul_lres_max,calc,tissue_prep,calc_extraction_calc_benchling_volume_ul_lres_max,,,,,,,
species.calc_extraction_pooled_dna_count,calc,species,calc_extraction_pooled_dna_count,,,,,,,
tolid.calc_extraction_calc_benchling_volume_ul_pooled_dna_min,calc,tolid,calc_extraction_calc_benchling_volume_ul_pooled_dna_min,,,,,,,
extraction.calc_sequencing_request_count,calc,extraction,calc_sequencing_request_count,,,,,,,
tissue_prep.calc_extraction_calc_benchling_volume_ul_rna_max,calc,tissue_prep,calc_extraction_calc_benchling_volume_ul_rna_max,,,,,,,
sample.calc_extraction_calc_benchling_volume_ul_pooled_dna_min,calc,sample,calc_extraction_calc_benchling_volume_ul_pooled_dna_min,,,,,,,
species.calc_extraction_calc_benchling_volume_ul_lres_sum,calc,species,calc_extraction_calc_benchling_volume_ul_lres_sum,,,,,,,
species.calc_extraction_lres_count,calc,species,calc_extraction_lres_count,,,,,,,
sample.calc_extraction_rna_count,calc,sample,calc_extraction_rna_count,,,,,,,
species.calc_tissue_prep_count,calc,species,calc_tissue_prep_count,,,,,,,
species.calc_extraction_calc_benchling_volume_ul_lres_min,calc,species,calc_extraction_calc_benchling_volume_ul_lres_min,,,,,,,
tissue_prep.calc_extraction_calc_benchling_volume_ul_dna_max,calc,tissue_prep,calc_extraction_calc_benchling_volume_ul_dna_max,,,,,,,
tissue_prep.calc_extraction_rna_count,calc,tissue_prep,calc_extraction_rna_count,,,,,,,
sample.calc_tissue_prep_count,calc,sample,calc_tissue_prep_count,,,,,,,
tolid.calc_extraction_calc_benchling_volume_ul_rna_max,calc,tolid,calc_extraction_calc_benchling_volume_ul_rna_max,,,,,,,
species.calc_extraction_calc_benchling_volume_ul_pooled_dna_max,calc,species,calc_extraction_calc_benchling_volume_ul_pooled_dna_max,,,,,,,
tolid.calc_tissue_prep_count,calc,tolid,calc_tissue_prep_count,,,,,,,
sample.calc_extraction_dna_count,calc,sample,calc_extraction_dna_count,,,,,,,
sample.calc_extraction_calc_benchling_volume_ul_lres_max,calc,sample,calc_extraction_calc_benchling_volume_ul_lres_max,,,,,,,
sample.calc_extraction_calc_benchling_volume_ul_lres_min,calc,sample,calc_extraction_calc_benchling_volume_ul_lres_min,,,,,,,
tissue_prep.calc_extraction_calc_benchling_volume_ul_pooled_dna_min,calc,tissue_prep,calc_extraction_calc_benchling_volume_ul_pooled_dna_min,,,,,,,
tolid.calc_extraction_calc_benchling_volume_ul_lres_min,calc,tolid,calc_extraction_calc_benchling_volume_ul_lres_min,,,,,,,
sample.calc_extraction_calc_benchling_volume_ul_rna_max,calc,sample,calc_extraction_calc_benchling_volume_ul_rna_max,,,,,,,
species.calc_extraction_rna_count,calc,species,calc_extraction_rna_count,,,,,,,
tissue_prep.calc_extraction_lres_count,calc,tissue_prep,calc_extraction_lres_count,,,,,,,
tolid.calc_sequencing_request_count,calc,tolid,calc_sequencing_request_count,,,,,,,
species.calc_extraction_calc_benchling_volume_ul_rna_min,calc,species,calc_extraction_calc_benchling_volume_ul_rna_min,,,,,,,
extraction.calc_dna_volume_remaining,calculated,extraction,calc_dna_volume_remaining,,1,,DNA Volume Remaining (for development purposes. Would not recommend using!),,,
extraction.calc_sequencing_request_calc_mlwh_volume_remaining_max,calculated,extraction,calc_sequencing_request_calc_mlwh_volume_remaining_max,,,1,Max Library Remaining (for development purposes.Would not recommend using!),,,
extraction.calc_sequencing_request_calc_mlwh_volume_remaining_min,calculated,extraction,calc_sequencing_request_calc_mlwh_volume_remaining_min,,,1,Min Library Remaining (for development purposes.Would not recommend using!),,,
extraction.calc_sequencing_request_calc_mlwh_volume_remaining_count,calculated,extraction,calc_sequencing_request_calc_mlwh_volume_remaining_count,,,,Count of Library Remaining (for development purposes.Would not recommend using!),,,
manifest.calc_tat_days,calculated,manifest,calc_tat_days,Turnaround Time (days),1,,Days from manifest upload to samples at Sanger,,,
manifest.calc_tat_weeks,calculated,manifest,calc_tat_weeks,Turnaround Time (weeks),1,,Weeks from manifest upload to samples at Sanger,,,
sample.calc_extraction_calc_benchling_volume_ul_dna_max,calculated,sample,calc_extraction_calc_benchling_volume_ul_dna_max,,,,Max DNA Remaining (for development purposes.Would not recommend using!),,,
sample.calc_extraction_calc_benchling_volume_ul_dna_min,calculated,sample,calc_extraction_calc_benchling_volume_ul_dna_min,,,,Min DNA Remaining (for development purposes.Would not recommend using!),,,
sample.calc_sequencing_request_calc_mlwh_volume_remaining_max,calculated,sample,calc_sequencing_request_calc_mlwh_volume_remaining_max,,,,Max Library Remaining (for development purposes.Would not recommend using!),,,
sample.calc_sequencing_request_calc_mlwh_volume_remaining_min,calculated,sample,calc_sequencing_request_calc_mlwh_volume_remaining_min,,,,Min Library Remaining (for development purposes.Would not recommend using!),,,
sample.calc_tissue_prep_calc_benchling_weight_mg_max,calculated,sample,calc_tissue_prep_calc_benchling_weight_mg_max,,,,Max Tissue Prep Remaining (for development purposes.Would not recommend using!),,,
sample.calc_tissue_prep_calc_benchling_weight_mg_min,calculated,sample,calc_tissue_prep_calc_benchling_weight_mg_min,,,,Min Tissue Prep Remaining (for development purposes.Would not recommend using!),,,
sample.calc_biospecimen_id,calculated,sample,calc_biospecimen_id,Biospecimen ID,,,The biosample accession number of the specimen as issued by [ENA](https://www.ebi.ac.uk/biosamples/). This is known within ToL as the Biospecimen ID. This is a calculated field as in the original data source this information can be in one of three fields,,,
sample.calc_sample_abandoned_in_sts,calculated,sample,calc_sample_abandoned_in_sts,Sample Abandoned In STS?,1,,Is the sample marked as 'Not Valid' in STS?,,,
sampleset.calc_tat_days,calculated,sampleset,calc_tat_days,Turnaround Time (days),1,,Days from sampleset upload to samples at Sanger,,,
sampleset.calc_tat_weeks,calculated,sampleset,calc_tat_weeks,Turnaround Time (weeks),1,,Weeks from sampleset upload to samples at Sanger,,,
sequencing_request.calc_mlwh_volume_remaining,calculated,sequencing_request,calc_mlwh_volume_remaining,,,,Library Remaining (for development purposes. Would not recommend using!),,,
sequencing_request.calc_existing_library_oplc,calculated,sequencing_request,calc_existing_library_oplc,Existing Library OPLC,,,"Calculated from volume remaining, concentration and insert size.",,,
species.calc_extraction_calc_benchling_volume_ul_dna_max,calculated,species,calc_extraction_calc_benchling_volume_ul_dna_max,,,,Max DNA Remaining (for development purposes.Would not recommend using!),,,
species.calc_extraction_calc_benchling_volume_ul_dna_min,calculated,species,calc_extraction_calc_benchling_volume_ul_dna_min,,,,Min DNA Remaining (for development purposes.Would not recommend using!),,,
species.calc_sample_calc_benchling_remaining_weight_max,calculated,species,calc_sample_calc_benchling_remaining_weight_max,,,,Max Tissue Remaining (for development purposes.Would not recommend using!),,,
species.calc_sample_calc_benchling_remaining_weight_min,calculated,species,calc_sample_calc_benchling_remaining_weight_min,,,,Min Tissue Remaining (for development purposes.Would not recommend using!),,,
species.calc_sample_calc_benchling_remaining_weight_sum,calculated,species,calc_sample_calc_benchling_remaining_weight_sum,,,,The total remaining weight of samples of this species (i.e. total amount left unused),Remove,,
species.calc_tissue_prep_calc_benchling_weight_mg_max,calculated,species,calc_tissue_prep_calc_benchling_weight_mg_max,,,,Maximum mass of the tissue that was extracted (NA if no measurement was taken),,,
species.calc_tissue_prep_calc_benchling_weight_mg_min,calculated,species,calc_tissue_prep_calc_benchling_weight_mg_min,,,,Max Tissue Prep Remaining (for development purposes.Would not recommend using!),,,
species.calc_tissue_prep_calc_benchling_weight_mg_sum,calculated,species,calc_tissue_prep_calc_benchling_weight_mg_sum,,,,Min Tissue Prep Remaining (for development purposes.Would not recommend using!),,,
species.calc_individual_exhausted_tolid_calc_individual_exhausted_value_count,calculated,species,calc_individual_exhausted_tolid_calc_individual_exhausted_value_count,,1,1,,,,
species.calc_individual_exhausted_tolid_count,calculated,species,calc_individual_exhausted_tolid_count,Number of Individuals Exhausted,,1,,,,
species.calc_specimen_collection_needed_psyche,calculated,species,calc_specimen_collection_needed_psyche,Specimen Collection Needed?,1,,Specimen collection needed (only for PSYCHE),,,
species.calc_specimen_needed_at_sanger_psyche,calculated,species,calc_specimen_needed_at_sanger_psyche,Specimen Needed at Sanger?,1,,Is a specimen of this species needed at Sanger (only for PSYCHE)?,,,
species.calc_topup_required_tolid_calc_topup_required_value_count,calculated,species,calc_topup_required_tolid_calc_topup_required_value_count,,1,1,,,,
species.calc_topup_required_tolid_count,calculated,species,calc_topup_required_tolid_count,Number of Individuals Require Top-Up,1,1,,,,
species.calc_done_date,calculated,species,calc_done_date,Done Date,1,,The date on which the species is considered done. This is the later of the date of assembly submission and the date of the RNASeq run.,,,
species.calc_is_novel,calculated,species,calc_is_novel,Novel?,1,,Species are considered novel if they have appeared on a manifest and have not yet had any samples selected to work on.,,,
species.calc_pm_status,calculated,species,calc_pm_status,Status (Project Manager),1,,High-level overview of species that has gone through the sequencing pipeline,,,
species.calc_tolid_calc_topup_required_min,calculated,species,calc_tolid_calc_topup_required_min,All Top-Up Required?,1,1,A boolean field that indicates if all individuals of the same species require top-up,,,
species.calc_tolid_calc_topup_required_max,calculated,species,calc_tolid_calc_topup_required_max,(At least) One Top-Up Required?,1,1,A boolean field that indicates if one or more individuals of the same species require top-up,,,
species.calc_tolid_calc_individual_exhausted_min,calculated,species,calc_tolid_calc_individual_exhausted_min,All Individual Exhausted?,1,1,A boolean field that indicates if all individuals of the same species are exhausted,,,
species.calc_tolid_calc_individual_exhausted_max,calculated,species,calc_tolid_calc_individual_exhausted_max,(At least) One Individual Exhausted?,1,1,A boolean field that indicates if one or more individuals of the same species are exhausted,,,
species.calc_no_null_tolid_tolid_count,calculated,species,calc_no_null_tolid_tolid_count,Specimen Count,1,,,,,
species.calc_recollection_needed,calculated,species,calc_recollection_needed,Species Mark For Recollection,1,1,"This is a boolean field that indicates if tissues for all individuals collected have been exhausted, and new individuals require recollection",,,
species.calc_species_recollectable,calculated,species,calc_species_recollectable,Is Species Recollectable?,,,This is a boolean field that shows false if a species is marked for recollection and has not arrived on-site since last marked.,,,
species.calc_species_epithet,calculated,species,calc_species_epithet,Species Epithet,1,,"This field only displays the specific name of a species without the Genus, and Subspecies names (in case of trinomen).",,,
specimen.id,calculated,specimen,id,Specimen ID,1,,The ID of the specimen as assigned by the partner.,,,
specimen.calc_coverage_post_run,calculated,specimen,calc_coverage_post_run,Coverage (post-run),,1,"The coverage, but based on the estimated genome size for this specimen.",,,
tissue_prep.calc_extraction_benchling_volume_ul_dna_max,calculated,tissue_prep,calc_extraction_benchling_volume_ul_dna_max,,,,Max DNA Remaining (for development purposes.Would not recommend using!),,,
tissue_prep.calc_extraction_benchling_volume_ul_dna_min,calculated,tissue_prep,calc_extraction_benchling_volume_ul_dna_min,,,,Min DNA Remaining (for development purposes.Would not recommend using!),,,
tissue_prep.calc_sequencing_request_mlwh_volume_remaining_max,calculated,tissue_prep,calc_sequencing_request_mlwh_volume_remaining_max,,,,Max Library Remaining (for development purposes.Would not recommend using!),,,
tissue_prep.calc_sequencing_request_mlwh_volume_remaining_min,calculated,tissue_prep,calc_sequencing_request_mlwh_volume_remaining_min,,,,Min Library Remaining (for development purposes.Would not recommend using!),,,
tolid.calc_no_null_individual_exhausted_tolid_count,calculated,tolid,calc_tissue_prep_calc_benchling_weight_mg_count,,,,Count of Tissue Prep Remaining (for development purposes.Would not recommend using!),,,
tolid.calc_tissue_prep_calc_benchling_weight_mg_max,calculated,tolid,calc_tissue_prep_calc_benchling_weight_mg_max,,,1,Max Tissue Prep Remaining (for development purposes.Would not recommend using!),,,
tolid.calc_tissue_prep_calc_benchling_weight_mg_min,calculated,tolid,calc_tissue_prep_calc_benchling_weight_mg_min,,,1,Min Tissue Prep Remaining (for development purposes.Would not recommend using!),,,
tolid.calc_coverage,calculated,tolid,calc_coverage,Calculated Coverage (Estimated),1,1,Estimated coverage is calculated based on Cumulative Yield per Estimated Species Genome Size on STS,,,
tolid.calc_ongoing_submissions,calculated,tolid,calc_ongoing_submissions,Ongoing Pacbio Submissions,1,1,Sequencing requests that have been requested but not yet completed,,,
tolid.calc_coverage_met,calculated,tolid,calc_coverage_met,Estimated Coverage Met?,1,1,Has the target estimated coverage been met for this ToLID?,,,
tolid.calc_topup_required,calculated,tolid,calc_topup_required,Top-Up Required?,1,1,A general filter that determines if an individual belongs in the Top-Up Management tables,,,
tolid.calc_individual_exhausted,calculated,tolid,calc_individual_exhausted,Individual Exhausted?,1,1,A quick check to see if tissue for individual is completely depleted,,,
tolid.calc_individual_available,calculated,tolid,calc_individual_available,Other Individual Available? (Current Exhausted),1,1,This boolean field displays whether there are other ToLIDs to consider if the current one is completely depleted of useable tissues. This will also show false when a ToLID is not 'Top-Up Required'/,,,
tolid.calc_sequencing_request_calc_mlwh_volume_remaining_max,calculated,tolid,calc_sequencing_request_calc_mlwh_volume_remaining_max,,,1,Max Library Remaining (for development purposes.Would not recommend using!),,,
tolid.calc_sequencing_request_calc_mlwh_volume_remaining_min,calculated,tolid,calc_sequencing_request_calc_mlwh_volume_remaining_min,,,1,Min Library Remaining (for development purposes.Would not recommend using!),,,
tolid.calc_sequencing_request_calc_mlwh_volume_remaining_count,calculated,tolid,calc_sequencing_request_calc_mlwh_volume_remaining_count,,,,Count of Library Remaining (for development purposes.Would not recommend using!),,,
tolid.calc_extraction_calc_benchling_volume_ul_dna_max,calculated,tolid,calc_extraction_calc_benchling_volume_ul_dna_max,,,1,Max DNA Remaining (for development purposes.Would not recommend using!),,,
tolid.calc_extraction_calc_benchling_volume_ul_dna_min,calculated,tolid,calc_extraction_calc_benchling_volume_ul_dna_min,,,1,Min DNA Remaining (for development purposes.Would not recommend using!),,,
tolid.calc_extraction_calc_benchling_volume_ul_dna_count,calculated,tolid,calc_extraction_calc_benchling_volume_ul_dna_count,,,,Count of DNA Remaining (for development purposes.Would not recommend using!),,,
tolid.calc_sample_calc_benchling_remaining_weight_max,calculated,tolid,calc_sample_calc_benchling_remaining_weight_max,,,1,Max Tissue Remaining (for development purposes.Would not recommend using!),,,
tolid.calc_sample_calc_benchling_remaining_weight_min,calculated,tolid,calc_sample_calc_benchling_remaining_weight_min,,,1,Min Tissue Remaining (for development purposes.Would not recommend using!),,,
tolid.calc_tolid_actionable,calculated,tolid,calc_tolid_actionable,Top-Up Actionable,1,1,A top-up is considered actionable if it has not been actioned since the last complete PacBio run.,,,
tolid.calc_sample_abandoned_in_sts_sample_count,calculated,tolid,calc_sample_abandoned_in_sts_sample_count,Number of Samples Abandoned in STS,1,1,Number of Samples Abandoned in STS,,,
tolid.calc_extraction_dna_count,calculated,tolid,calc_extraction_dna_count,Number of DNA Extractions per ToLID,1,1,,,,
tolid.calc_no_null_individual_exhausted_tolid_count,calculated,tolid,calc_no_null_individual_exhausted_tolid_count,Number of Individuals Exhausted,1,,,,,
tolid.sts_sample_benchling_date_assigned_to_lab_max,calculated,tolid,sts_sample_benchling_date_assigned_to_lab_max,Latest Date Assigned To Lab,1,,,,,
tolid.sts_sample_benchling_date_assigned_to_lab_min,calculated,tolid,sts_sample_benchling_date_assigned_to_lab_min,Earliest Date Assigned To Lab,1,,,,,
family.informatics_species_informatics_tolid_informatics_status_summary_min_min,calculated,family,informatics_species_informatics_tolid_informatics_status_summary_min_min,Minimum Informatics Status,,,,,,
tissue_prep.calc_extraction_calc_benchling_volume_ul_dna_min,calculated,tissue_prep,calc_extraction_calc_benchling_volume_ul_dna_min,,,,,,,
assembly.id,gap,assembly,id,Assembly ID,1,,The accession number of the assembly at ENA,,,
assembly.gap_assembly_name,gap,assembly,gap_assembly_name,Assembly Name,,,,,,
assembly.gap_image_caption,gap,assembly,gap_image_caption,Image Caption,,,,,,
assembly.gap_image_url,gap,assembly,gap_image_url,Image URL,,,,,,
assembly.gap_lustre_path_analysis_base,gap,assembly,gap_lustre_path_analysis_base,Lustre Path Analysis Base,,,,,,
assembly.gap_lustre_path_assembly,gap,assembly,gap_lustre_path_assembly,Lustre Path Assembly,,,,,,
assembly.gap_lustre_path_species,gap,assembly,gap_lustre_path_species,Lustre Path Species,,,,,,
assembly.gap_project,gap,assembly,gap_project,Project,,,,,,
assembly.gap_results,gap,assembly,gap_results,Results,,,,,,
assembly_analysis.gap_s3,gap,assembly_analysis,gap_s3,,,,,,,
assembly.gap_total_sequence_length,gap,assembly,gap_total_sequence_length,,,,,,,
assembly_analysis.gap_analysis,gap,assembly_analysis,gap_analysis,,,,,,,
assembly.gap_genome_coverage,gap,assembly,gap_genome_coverage,,,,,,,
assembly_analysis.gap_results,gap,assembly_analysis,gap_results,,,,,,,
assembly.gap_contig_n50,gap,assembly,gap_contig_n50,,,,,,,
assembly.gap_number_of_chromosomes,gap,assembly,gap_number_of_chromosomes,,,,,,,
assembly.gap_organelles,gap,assembly,gap_organelles,,,,,,,
assembly.gap_number_of_scaffolds,gap,assembly,gap_number_of_scaffolds,,,,,,,
assembly.gap_scaffold_n50,gap,assembly,gap_scaffold_n50,,,,,,,
assembly.gap_number_of_contigs,gap,assembly,gap_number_of_contigs,,,,,,,
assembly_analysis.gap_lustre_path_analysis,gap,assembly_analysis,gap_lustre_path_analysis,,,,,,,
assembly.gap_gc_percent,gap,assembly,gap_gc_percent,,,,,,,
genome_note.gn_date_published,genome_notes,genome_note,gn_date_published,Date Published,1,,,,,
genome_note.gn_passed_pr,genome_notes,genome_note,gn_passed_pr,Passed Peer Review?,1,,,,,
genome_note.gn_species_name,genome_notes,genome_note,gn_species_name,Species Name,,,,,,
species.gn_genome_note_gn_date_published_max,genome_notes,species,gn_genome_note_gn_date_published_max,Latest Date Genome Note Published,,,There should only be one date that a genome note is published for a species so ignore this field.,,,
species.gn_genome_note_gn_date_published_min,genome_notes,species,gn_genome_note_gn_date_published_min,Date Genome Note Published,1,,,,,
genome_note.gn_pmid,gn,genome_note,gn_pmid,,,,,,,
species.gn_genome_note_count,gn,species,gn_genome_note_count,,,,,,,
species.goat_assembly_level,goat,species,goat_assembly_level,GoaT Assembly Level,1,,Level at which genome is represented,,,
species.goat_chromosome_number,goat,species,goat_chromosome_number,Chromosome number,1,,Number of chromosomes (note: this could be an estimated number),,,
species.goat_class_name,goat,species,goat_class_name,Class Name,1,,,,,
species.goat_common_name,goat,species,goat_common_name,Common Name,1,1,,,,
species.goat_echabs92,goat,species,goat_echabs92,Echabs92,,,Section in the UK legislation in which species is listed,,,
species.goat_family_name,goat,species,goat_family_name,Family,1,1,Family from NCBI Taxonomy,,,
species.goat_family_representative,goat,species,goat_family_representative,Family representative,1,1,Projects for which this species is marked as a family representative (i.e one we'd like to complete early),,,
species.goat_genome_size,goat,species,goat_genome_size,Estimated Genome size,1,1,Estimated genome size in bases,,"Genome size retrieved from genome size databases, estimated from the conversion of C value from picograms of DNA to base pairs For assembly-based genome size estimates, use assembly_span instead",
species.goat_genus_name,goat,species,goat_genus_name,Genus,1,1,Genus from NCBI Taxonomy,,,
species.goat_habreg_2017,goat,species,goat_habreg_2017,Habreg2017,,,Section in the UK legislation in which species is listed,,,
species.goat_haploid_number,goat,species,goat_haploid_number,Haploid Number,1,,"Number of chromosomes in haploid cells of an individual, correspond to gamete chromosome count in animals and gametophyte chromosome count in plants",,,
species.goat_isb_wildlife_act_1976,goat,species,goat_isb_wildlife_act_1976,ISB Wildlife Act 1976,,,Section in the UK legislation in which species is listed,,,
species.goat_kingdom_name,goat,species,goat_kingdom_name,Kingdom,1,,,,,
species.goat_lineage,goat,species,goat_lineage,Lineage,1,,Taxonomic lineage according to NCBI,,,
species.goat_long_list,goat,species,goat_long_list,Long list,1,1,Projects for which this species is a target,,,
species.goat_marhabreg-2017,goat,species,goat_marhabreg-2017,Marhabreg-2017,,,,,,
species.goat_order_name,goat,species,goat_order_name,Order,1,,,,,
species.goat_phylum_name,goat,species,goat_phylum_name,Phylum,1,,,,,
species.goat_ploidy,goat,species,goat_ploidy,Ploidy,1,1,Numeric value of sets of homologous chromosomes,,,
species.goat_protection_of_badgers_act_1992,goat,species,goat_protection_of_badgers_act_1992,Protection of Badgers Act 1992,,,Section in the UK legislation in which species is listed,,,
species.goat_sample_collected,goat,species,goat_sample_collected,Sample Collected,1,,For which project has a sample of the species been collected.,,,
species.goat_scientific_name,goat,species,goat_scientific_name,Scientific name,1,1,The primary latin name from the taxon record in NCBI taxonomy,,,
species.goat_species_name,goat,species,goat_species_name,Species name,1,,"For a taxon with rank species, this will be the same as the scientific name.",,,
species.goat_superkingdom_name,goat,species,goat_superkingdom_name,Superkingdom name,1,,,,,
species.goat_taxon_rank,goat,species,goat_taxon_rank,Taxon rank,1,,,,,
species.goat_tolid_prefix,goat,species,goat_tolid_prefix,ToLID prefix,,,,,,
species.goat_waca_1981,goat,species,goat_waca_1981,WACA 1981,,,Section in the UK legislation in which species is listed,,,
species.goat_sample_collected,goat,species,goat_sample_collected,Sample Collected,,,,,,
species.goat_synonym,goat,species,goat_synonym,Synonyms,1,,,,,
family.goat_species_goat_class_name_union,goat,family,goat_species_goat_class_name_union,,,,,,,
family.goat_species_goat_phylum_name_union,goat,family,goat_species_goat_phylum_name_union,,,,,,,
family.goat_species_goat_kingdom_name_union,goat,family,goat_species_goat_kingdom_name_union,,,,,,,
family.goat_species_count,goat,family,goat_species_count,,,,,,,
curation.grit_accession_data,grit,curation,grit_accession_data,Accession Data,1,,,,,
curation.grit_ass_percent,grit,curation,grit_ass_percent,% Assigned to Chrms,1,,Percentage of assemly assigned to chromsosomes,,,
curation.grit_assembled_by,grit,curation,grit_assembled_by,Assembled By,1,,,,,
curation.grit_assemblies_assessment,grit,curation,grit_assemblies_assessment,Assemblies Assessment,1,,,,,
curation.grit_assembly_type,grit,curation,grit_assembly_type,Assembly Type,1,,,,,
curation.grit_assembly_version,grit,curation,grit_assembly_version,Assembly Version,1,,,,,
curation.grit_assessment_summary,grit,curation,grit_assessment_summary,Assessment Summary,1,,,,,
curation.grit_assignee_name,grit,curation,grit_assignee_name,Assignee Name,1,,,,,
curation.grit_awaiting_data_date,grit,curation,grit_awaiting_data_date,Awaiting Data Date,1,,,,,
curation.grit_b_chromosomes,grit,curation,grit_b_chromosomes,B Chromosomes,1,,A count of the number of B chromosomes identified in the assembly,,,
curation.grit_bigwig_coverage_file_url,grit,curation,grit_bigwig_coverage_file_url,Bigwig Coverage File URL,1,,,Remove,,
curation.grit_bionano_index_file_location,grit,curation,grit_bionano_index_file_location,Bionano Index File Location,1,,,Remove,,
curation.grit_cancelled_date,grit,curation,grit_cancelled_date,Cancelled Date,1,,,,,
curation.grit_chr_ass,grit,curation,grit_chr_ass,Chr Ass,1,,,Remove,Duplication of curated autosome and allosome results,
curation.grit_chromsome_naming,grit,curation,grit_chromsome_naming,Chromosome Naming,1,,Indicates whether the chromosomes have been named in order of size or in reference to an existing assembly,,,
curation.grit_contamination,grit,curation,grit_contamination,Contamination,1,,Summary of the contamination identified and removed form the asembly,,,
curation.grit_contamination_files,grit,curation,grit_contamination_files,Contamination Files,1,,Path to the contamination file ,,,
curation.grit_contamination_level_summary,grit,curation,grit_contamination_level_summary,Contamination Level Summary,1,,,,,
curation.grit_contigs_count_after,grit,curation,grit_contigs_count_after,Contigs Count After,1,,Number of contigs in the assembly post curation,,,
curation.grit_contigs_count_before,grit,curation,grit_contigs_count_before,Contigs Count Before,1,,Number of contigs in the assembly pre curation,,,
curation.grit_contigs_count_change_per,grit,curation,grit_contigs_count_change_per,Contigs Count Change Per,1,,,,,
curation.grit_contigs_l50_after,grit,curation,grit_contigs_l50_after,Contigs L50 After,1,,Contig L50 after curation,,,
curation.grit_contigs_l50_before,grit,curation,grit_contigs_l50_before,Contigs L50 Before,1,,Contig L50 before curation,,,
curation.grit_contigs_l50_change_per,grit,curation,grit_contigs_l50_change_per,Contigs L50 Change Per,1,,,,,
curation.grit_contigs_l90_after,grit,curation,grit_contigs_l90_after,Contigs L90 After,1,,Contig L90 after curation,,,
curation.grit_contigs_l90_before,grit,curation,grit_contigs_l90_before,Contigs L90 Before,1,,Contig L90 before curation,,,
curation.grit_contigs_l90_change_per,grit,curation,grit_contigs_l90_change_per,Contigs L90 Change Per,1,,,,,
curation.grit_contigs_n50_after,grit,curation,grit_contigs_n50_after,Contigs N50 After,1,,Contig N50 after curation,,,
curation.grit_contigs_n50_before,grit,curation,grit_contigs_n50_before,Contigs N50 Before,1,,Contig N50 before curation,,,
curation.grit_contigs_n50_change_per,grit,curation,grit_contigs_n50_change_per,Contigs N50 Change Per,1,,,,,
curation.grit_contigs_n90_after,grit,curation,grit_contigs_n90_after,Contigs N90 After,1,,Contig N90 after curation,,,
curation.grit_contigs_n90_before,grit,curation,grit_contigs_n90_before,Contigs N90 Before,1,,Contig N90 before curation,,,
curation.grit_contigs_n90_change_per,grit,curation,grit_contigs_n90_change_per,Contigs N90 Change Per,1,,,,,
curation.grit_contigs_total_after,grit,curation,grit_contigs_total_after,Contigs Total After,1,,,Remove,"""Total contigs"" same as ""Contig count"" ?",
curation.grit_contigs_total_before,grit,curation,grit_contigs_total_before,Contigs Total Before,1,,,Remove,,
curation.grit_contigs_total_change_per,grit,curation,grit_contigs_total_change_per,Contigs Total Change Per,1,,,Remove,,
curation.grit_created,grit,curation,grit_created,Created,1,,,,,
curation.grit_curated_allosomes,grit,curation,grit_curated_allosomes,Curated Allosomes,1,,Number of allosomal chromosomes assigned during curation,,,
curation.grit_curated_autosomes,grit,curation,grit_curated_autosomes,Curated Autosomes,1,,Number of autosomal chromosomes assigned during curation,,,
curation.grit_curation_date,grit,curation,grit_curation_date,Curation Date,1,,,,,
curation.grit_curation_files,grit,curation,grit_curation_files,Curation Files,1,,,Remove,Not relevant to portal users,
curation.grit_curation_qc_date,grit,curation,grit_curation_qc_date,Curation QC Date,1,,,,,
curation.grit_curator,grit,curation,grit_curator,Curator,1,,Individual that curated the assembly,,,
curation.grit_curator_qc,grit,curation,grit_curator_qc,Curator QC,1,,Individual that QC cheacked the curation of the assembly ,,,
curation.grit_data_copied,grit,curation,grit_data_copied,Data Copied,1,,,Remove,Not relevant to portal users,
curation.grit_datatype_available,grit,curation,grit_datatype_available,Datatype Available,1,,,,,
curation.grit_decontaminated_fasta,grit,curation,grit_decontaminated_fasta,Decontaminated Fasta,1,,Location of the decontaminated primary assembly,,,
curation.grit_decontamination_date,grit,curation,grit_decontamination_date,Decontamination Date,1,,,,,
curation.grit_done_date,grit,curation,grit_done_date,Done Date,1,,,,,
curation.grit_expected_karyotype,grit,curation,grit_expected_karyotype,Expected Karyotype,1,,,Remove,Pulling from goat so duplicated i think,
curation.grit_expected_sex,grit,curation,grit_expected_sex,Expected Sex,1,,,,,
curation.grit_external_contact,grit,curation,grit_external_contact,External COntact,1,,,,,
curation.grit_gather_data_date,grit,curation,grit_gather_data_date,Gather Data Date,1,,,,,
curation.grit_genome_note,grit,curation,grit_genome_note,Genome Note,1,,,,,
curation.grit_geval_analyses_completed,grit,curation,grit_geval_analyses_completed,Geval Analyses Completed,1,,,Remove,,
curation.grit_geval_analysis_date,grit,curation,grit_geval_analysis_date,Geval Analyis Date,1,,,Remove,,
curation.grit_geval_loading_date,grit,curation,grit_geval_loading_date,Geval Loading Date,1,,,Remove,,
curation.grit_geval_qc_date,grit,curation,grit_geval_qc_date,Geval QC Date,1,,,Remove,,
curation.grit_geval_qcaudit_checks,grit,curation,grit_geval_qcaudit_checks,Geval QC Audit Checks,1,,,Remove,,
curation.grit_geval_qcaudit_completion,grit,curation,grit_geval_qcaudit_completion,Geval QC Audit Completion,1,,,Remove,,
curation.grit_gfastats,grit,curation,grit_gfastats,Gfastats,1,,,,,
curation.grit_hap2_assembly_statistics,grit,curation,grit_hap2_assembly_statistics,Hap2 Assembly Statistics,1,,,,,
curation.grit_hap2_chromosome_result,grit,curation,grit_hap2_chromosome_result,Hap2 Chromosome Result,1,,,,,
curation.grit_hap2_gfastats,grit,curation,grit_hap2_gfastats,Hap2 Gfastats,1,,,,,
curation.grit_haplotype,grit,curation,grit_haplotype,Haplotype,1,,,,,
curation.grit_hic_building_date,grit,curation,grit_hic_building_date,HiC Building Date,1,,,,,
curation.grit_hic_checklist,grit,curation,grit_hic_checklist,HiC Checklist,1,,,,,
curation.grit_hic_juicer_file,grit,curation,grit_hic_juicer_file,HiC Juicer File,1,,,,,
curation.grit_hic_kit,grit,curation,grit_hic_kit,HiC Kit,1,,,,,
curation.grit_higlass_entry,grit,curation,grit_higlass_entry,Higlass Entry,1,,,,,
curation.grit_hyb_assembly_file,grit,curation,grit_hyb_assembly_file,Hyb Assembly File,1,,,Remove,,
curation.grit_hybrid_assembly_date,grit,curation,grit_hybrid_assembly_date,Hybrid Assembly Date,1,,,Remove,,
curation.grit_important,grit,curation,grit_important,Important,1,,,,,
curation.grit_in_progress_date,grit,curation,grit_in_progress_date,In Progress Date,1,,,,,
curation.grit_in_submission_date,grit,curation,grit_in_submission_date,In Submission Date,1,,,,,
curation.grit_issue_type,grit,curation,grit_issue_type,Issue Type,1,,,,,
curation.grit_labels,grit,curation,grit_labels,Labels,1,,,,,
curation.grit_last_viewed,grit,curation,grit_last_viewed,Last Viewed,1,,,,,
curation.grit_length_after,grit,curation,grit_length_after,Length After,1,,,,,
curation.grit_length_before,grit,curation,grit_length_before,Length Before,1,,,,,
curation.grit_length_change_per,grit,curation,grit_length_change_per,Length Change Per,1,,,,,
curation.grit_manual_breaks,grit,curation,grit_manual_breaks,Manual Breaks,1,,,,,
curation.grit_manual_haplotig_removals,grit,curation,grit_manual_haplotig_removals,Manual Haplotig Removals,1,,,,,
curation.grit_manual_inversions,grit,curation,grit_manual_inversions,Manual Inversions,1,,,,,
curation.grit_manual_joins,grit,curation,grit_manual_joins,Manual Joins,1,,,,,
curation.grit_maternal_contamination_file,grit,curation,grit_maternal_contamination_file,Maternal Contamination File,1,,,,,
curation.grit_metadata_files,grit,curation,grit_metadata_files,Metadata Files,1,,,,,
curation.grit_n50_after,grit,curation,grit_n50_after,N50 After,1,,,,,
curation.grit_n50_before,grit,curation,grit_n50_before,N50 Before,1,,,,,
curation.grit_n50_change_per,grit,curation,grit_n50_change_per,N50 Change Per,1,,,,,
curation.grit_observed_sex,grit,curation,grit_observed_sex,Observed Sex,1,,,,,
curation.grit_on_hold_date,grit,curation,grit_on_hold_date,On Hold Date,1,,,,,
curation.grit_open_date,grit,curation,grit_open_date,Open Date,1,,,,,
curation.grit_orientation,grit,curation,grit_orientation,Orientation,1,,,,,
curation.grit_paternal_contamination_file,grit,curation,grit_paternal_contamination_file,Paternal Contamination File,1,,,,,
curation.grit_ploidy,grit,curation,grit_ploidy,Ploidy,1,,Ploidy estiamte from assembly metrics - primarily kmer counting methods,,,
curation.grit_post_processing++_date,grit,curation,grit_post_processing++_date,Post Processing++ Date,1,,,,,
curation.grit_pretext_file_location,grit,curation,grit_pretext_file_location,Pretext File Location,1,,,,,
curation.grit_priority,grit,curation,grit_priority,Priority,1,,,,,
curation.grit_progress,grit,curation,grit_progress,Progress,1,,,,,
curation.grit_project,grit,curation,grit_project,Project,1,,,,,
curation.grit_purged_artifact_fasta_file,grit,curation,grit_purged_artifact_fasta_file,Purged Artifact Fasta File,1,,,,,
curation.grit_purged_haplotig_fasta_file,grit,curation,grit_purged_haplotig_fasta_file,Purged Haplotig Fasta File,1,,,,,
curation.grit_purged_primary_fasta_file,grit,curation,grit_purged_primary_fasta_file,Purged Primary Fasta File,1,,,,,
curation.grit_purging_date,grit,curation,grit_purging_date,Purging Date,1,,,,,
curation.grit_qc_fail_date,grit,curation,grit_qc_fail_date,QC Fail Date,1,,,,,
curation.grit_rank,grit,curation,grit_rank,Rank,1,,,Remove,Dont know what this means,
curation.grit_release_to:,grit,curation,grit_release_to:,Release To,1,,,Remove,Duplication of released to,
curation.grit_release_version,grit,curation,grit_release_version,Release Version,1,,,,,
curation.grit_released_to,grit,curation,grit_released_to,Released To,1,,,,,
curation.grit_reopened_date,grit,curation,grit_reopened_date,Reopened Date,1,,,,,
curation.grit_resolution,grit,curation,grit_resolution,Resolution,1,,,,,
curation.grit_resolution_reason,grit,curation,grit_resolution_reason,Resolution Reason,1,,,,,
curation.grit_resolution_summary,grit,curation,grit_resolution_summary,Resolution Summary,1,,,,,
curation.grit_resolved,grit,curation,grit_resolved,Resolved,1,,,,,
curation.grit_scaff_count_after,grit,curation,grit_scaff_count_after,Scaff Count After,1,,,Remove,Duplicated,
curation.grit_scaff_count_before,grit,curation,grit_scaff_count_before,Scaff Count Before,1,,,Remove,Duplicated,
curation.grit_scaff_count_per,grit,curation,grit_scaff_count_per,Scaff Count Per,1,,,Remove,Duplicated,
curation.grit_scaffolds_count_after,grit,curation,grit_scaffolds_count_after,Scaffolds Count After,1,,Number of scaffolds in the assembly post curation,,,
curation.grit_scaffolds_count_before,grit,curation,grit_scaffolds_count_before,Scaffolds Count Before,1,,Number of scaffolds in the assembly pre curation,,,
curation.grit_scaffolds_count_change_per,grit,curation,grit_scaffolds_count_change_per,Scaffolds Count Change Per,1,,,,,
curation.grit_scaffolds_l50_after,grit,curation,grit_scaffolds_l50_after,Scaffolds L50 After,1,,Scaffold L50 after curation,,,
curation.grit_scaffolds_l50_before,grit,curation,grit_scaffolds_l50_before,Scaffolds L50 Before,1,,Scaffold L50 before curation,,,
curation.grit_scaffolds_l50_change_per,grit,curation,grit_scaffolds_l50_change_per,Scaffolds L50 Change Per,1,,,,,
curation.grit_scaffolds_l90_after,grit,curation,grit_scaffolds_l90_after,Scaffolds L90 After,1,,Scaffold L90 after curation,,,
curation.grit_scaffolds_l90_before,grit,curation,grit_scaffolds_l90_before,Scaffolds L90 Before,1,,Scaffold L90 before curation,,,
curation.grit_scaffolds_l90_change_per,grit,curation,grit_scaffolds_l90_change_per,Scaffolds L90 Change Per,1,,,,,
curation.grit_scaffolds_n50_after,grit,curation,grit_scaffolds_n50_after,Scaffolds N50 After,1,,Scaffold N50 after curation,,,
curation.grit_scaffolds_n50_before,grit,curation,grit_scaffolds_n50_before,Scaffolds N50 Before,1,,Scaffold N50 before curation,,,
curation.grit_scaffolds_n50_change_per,grit,curation,grit_scaffolds_n50_change_per,Scaffolds N50 Change Per,1,,,,,
curation.grit_scaffolds_n90_after,grit,curation,grit_scaffolds_n90_after,Scaffolds N90 After,1,,Scaffold N90 after curation,,,
curation.grit_scaffolds_n90_before,grit,curation,grit_scaffolds_n90_before,Scaffolds N90 Before,1,,Scaffold N90 before curation,,,
curation.grit_scaffolds_n90_change_per,grit,curation,grit_scaffolds_n90_change_per,Scaffolds N90 Chage Per,1,,,,,
curation.grit_scaffolds_total_after,grit,curation,grit_scaffolds_total_after,Scaffolds Total After,1,,,Remove,Total same as count,
curation.grit_scaffolds_total_before,grit,curation,grit_scaffolds_total_before,Scaffolds Total Before,1,,,Remove,Total same as count,
curation.grit_scaffolds_total_change_per,grit,curation,grit_scaffolds_total_change_per,Scaffolds Total Change Per,1,,,Remove,Total same as count,
curation.grit_species_name,grit,curation,grit_species_name,Species Name,1,,,Remove,Included in goat information,
curation.grit_stalled_date,grit,curation,grit_stalled_date,Stalled Date,1,,,,,
curation.grit_status,grit,curation,grit_status,Status,1,,,,,
curation.grit_submission_date,grit,curation,grit_submission_date,Submission Date,1,,,,,
curation.grit_submission_files,grit,curation,grit_submission_files,Submission Files,1,,,,,
curation.grit_submission_hold_date,grit,curation,grit_submission_hold_date,Submission Hold Date,1,,,,,
curation.grit_submission_note,grit,curation,grit_submission_note,Submission Note,1,,,,,
curation.grit_submitted_date,grit,curation,grit_submitted_date,Submitted Date,1,,,,,
curation.grit_summary,grit,curation,grit_summary,Summary,1,,,,,
curation.grit_synteny_source,grit,curation,grit_synteny_source,Synteny Source,1,,"In cases of chromsomes naming to a reference assebly, this field records the source",,,
curation.grit_telomere_motif,grit,curation,grit_telomere_motif,Telomere Motif,1,,Motif used for identifying teolmeric sequence in the assembly,,,
curation.grit_telomere_motif_k-mer_length,grit,curation,grit_telomere_motif_k-mer_length,Telomere Motif K-mer Length,1,,Length of the motif used to identify telomeres in the assembly,,,
curation.grit_time_tracking,grit,curation,grit_time_tracking,Time Tracking,1,,,,,
curation.grit_treeval,grit,curation,grit_treeval,Treeval,1,,,,,
curation.grit_treeval_data,grit,curation,grit_treeval_data,Treeval Data,1,,,,,
curation.grit_trio_assessment_date,grit,curation,grit_trio_assessment_date,Trio Assessment Date,1,,,Remove,,
curation.grit_trio_decontamination_date,grit,curation,grit_trio_decontamination_date,Trio Decontamination Date,1,,,Remove,,
curation.grit_trio_hyb_assembly_information,grit,curation,grit_trio_hyb_assembly_information,Trio Hyb Assembly Information,1,,,Remove,,
curation.grit_trio_hyb_location,grit,curation,grit_trio_hyb_location,Trio Hyb Location,1,,,Remove,,
curation.grit_updated,grit,curation,grit_updated,,,,,,,
curation.grit_work_ratio,grit,curation,grit_work_ratio,Work Ratio,1,,,,,
curation.grit_yaml,grit,curation,grit_yaml,Yaml,1,,,,,
curation.grit_σ_progress,grit,curation,grit_σ_progress,σ Progress,1,,,,,
species.grit_curation_count,grit,species,grit_curation_count,Number of curations,1,,The number of curations worked on for a species,,,
species.grit_curation_grit_done_date_min,grit,species,grit_curation_grit_done_date_min,Earliest Curation Date,1,,,,,
species.grit_curation_grit_created_max,grit,species,grit_curation_grit_created_max,Latest Curation Created Date,1,,,,,
species.grit_curation_grit_created_min,grit,species,grit_curation_grit_created_min,Earliest Curation Created Date,1,,,,,
species.grit_curation_grit_done_date_max,grit,species,grit_curation_grit_done_date_max,Latest Curation Done Date,1,,,,,
species.grit_curation_grit_done_date_min,grit,species,grit_curation_grit_done_date_min,Earliest Curation Done Date,1,,,,,
species.grit_curation_grit_in_submission_date_max,grit,species,grit_curation_grit_in_submission_date_max,Latest Curation In Submission Date,1,,,,,
species.grit_curation_grit_in_submission_date_min,grit,species,grit_curation_grit_in_submission_date_min,Earliest Curation In Submission Date,,,,,,
species.grit_curation_grit_open_date_min,grit,species,grit_curation_grit_open_date_min,Earliest Curation In Submission Date,1,,,,,
species.grit_curation_grit_open_date_max,grit,species,grit_curation_grit_open_date_max,Latest Curation Open Date,,,,,,
species.grit_curation_grit_open_date_min,grit,species,grit_curation_grit_open_date_min,Earliest Curation Open Date,,,,,,
species.grit_curation_grit_created_min,grit,species,grit_curation_grit_created_min,Curation started,1,,The earliest date a curation request has been created for the species,,,
tolid.grit_curation_count,grit,tolid,grit_curation_count,Number of Curation Requests,,,,,,
tolid.grit_curation_grit_created_max,grit,tolid,grit_curation_grit_created_max,Latiest Curation Request Date,,,,,,
tolid.grit_curation_grit_created_min,grit,tolid,grit_curation_grit_created_min,Earliest Curation Request Date,,,,,,
tolid.grit_curation_grit_done_date_max,grit,tolid,grit_curation_grit_done_date_max,Latest Curation Done Date,,,,,,
tolid.grit_curation_grit_done_date_min,grit,tolid,grit_curation_grit_done_date_min,Earliest Curation Done Date,,,,,,
curation.grit_qv,grit,curation,grit_qv,,,,,,,
curation.grit_misc,grit,curation,grit_misc,,,,,,,
curation.grit_geneset,grit,curation,grit_geneset,,,,,,,
curation.grit_completeness,grit,curation,grit_completeness,,,,,,,
curation.grit_chromosome_list_files,grit,curation,grit_chromosome_list_files,,,,,,,
species.informatics_tolid_informatics_status_summary_max,informatics,species,informatics_tolid_informatics_status_summary_max,Lowest Genome Status Summary of ToLIDs,,,This doesn't make much sense in the case of genome status. You probably don't want this,,,
species.informatics_tolid_informatics_status_summary_min,informatics,species,informatics_tolid_informatics_status_summary_min,Genome Status Summary,1,1,"The status of the genome for this species. In the case of multiple assemblies, this will show the most advanced status.",,,
species.informatics_tolid_informatics_status_max,informatics,species,informatics_tolid_informatics_status_max,Lowest Genome Status Summary of ToLIDs,,,This doesn't make much sense in the case of genome status. You probably don't want this,,,
species.informatics_tolid_informatics_status_min,informatics,species,informatics_tolid_informatics_status_min,Genome Status,1,,"The status of the genome for this species. In the case of multiple assemblies, this will show the most advanced status.",,,
tolid.informatics_estimated_genome_size,informatics,tolid,informatics_estimated_genome_size,,,1,,Remove,This should live in specimen,
tolid.informatics_gscope_coverage,informatics,tolid,informatics_gscope_coverage,GenomeScope Coverage,,1,,Remove,This should live in specimen,
tolid.informatics_status_summary,informatics,tolid,informatics_status_summary,Assembly Status Summary,1,1,The ToLA summary status giving a high level overall status for the species/specimen,Remove,This should live in specimen,
tolid.informatics_status,informatics,tolid,informatics_status,Assembly Status,1,1,The finer granularity status as assigned by ToLA.,Remove,This should live in specimen,
family.informatics_species_informatics_tolid_informatics_status_summary_min_max,informatics,family,informatics_species_informatics_tolid_informatics_status_summary_min_max,,,,,,,
family.informatics_species_count,informatics,family,informatics_species_count,,,,,,,
species.informatics_tolid_count,informatics,species,informatics_tolid_count,,,,,,,
extraction.mlwh_260_230_ratio_recorded_at,mlwh,extraction,mlwh_260_230_ratio_recorded_at,260/230 Ratio Recorded At,1,,,,,
extraction.mlwh_260_230_ratio_units,mlwh,extraction,mlwh_260_230_ratio_units,260/230 Ratio Units,1,,,Remove,,
extraction.mlwh_260_230_ratio_value,mlwh,extraction,mlwh_260_230_ratio_value,260/230 Ratio,1,,Ratio of absorbance at 260/280nm as measured by spectrophotometer,,,
extraction.mlwh_260_280_ratio_recorded_at,mlwh,extraction,mlwh_260_280_ratio_recorded_at,260/280 Ratio Recorded At,1,,,,,
extraction.mlwh_260_280_ratio_units,mlwh,extraction,mlwh_260_280_ratio_units,260/280 Ratio Units,1,,,Remove,,
extraction.mlwh_260_280_ratio_value,mlwh,extraction,mlwh_260_280_ratio_value,260/280 Ratio,1,,Ratio of absorbance at 260/280nm as measured by spectrophotometer,,,
extraction.mlwh_final_nano_drop_230_recorded_at,mlwh,extraction,mlwh_final_nano_drop_230_recorded_at,Final Nanodrop 230 Recorded At,1,,,,,
extraction.mlwh_final_nano_drop_230_units,mlwh,extraction,mlwh_final_nano_drop_230_units,Final Nanodrop 230 Units,1,,,Remove,Unit information available in the description,
extraction.mlwh_final_nano_drop_230_value,mlwh,extraction,mlwh_final_nano_drop_230_value,Final Nanodrop 230,1,,,,,
extraction.mlwh_final_nano_drop_280_units,mlwh,extraction,mlwh_final_nano_drop_280_units,Final Nanodrop 280 Units,1,,,Remove,Unit information available in the description,
extraction.mlwh_final_nano_drop_280_value,mlwh,extraction,mlwh_final_nano_drop_280_value,Final Nanodrop 280,1,,,,,
extraction.mlwh_final_nano_drop_recorded_at,mlwh,extraction,mlwh_final_nano_drop_recorded_at,Spectophotometer Concentration (ng/ul) Recorded At,1,,,,,
extraction.mlwh_final_nano_drop_units,mlwh,extraction,mlwh_final_nano_drop_units,,1,,,Remove,Unit information available in the description,
extraction.mlwh_final_nano_drop_value,mlwh,extraction,mlwh_final_nano_drop_value,Spectophotometer Concentration (ng/ul),1,,DNA concentration reading from the spectrophotometer,,,
extraction.mlwh_gqn_dnaex_recorded_at,mlwh,extraction,mlwh_gqn_dnaex_recorded_at,GQN DNAEx Recorded At,1,,,,,
extraction.mlwh_gqn_dnaex_units,mlwh,extraction,mlwh_gqn_dnaex_units,GQN DNAEx Units,1,,,Remove,,
extraction.mlwh_gqn_dnaex_value,mlwh,extraction,mlwh_gqn_dnaex_value,GQN Value,1,,"Genome Quality Number for a sample, as measured with a threshold of 10 kb on the Femto",,,
extraction.mlwh_nanodrop_concentration_ngul_recorded_at,mlwh,extraction,mlwh_nanodrop_concentration_ngul_recorded_at,Spectophotometer Concentration (ng/ul) Recorded At,1,,,,,
extraction.mlwh_nanodrop_concentration_ngul_units,mlwh,extraction,mlwh_nanodrop_concentration_ngul_units,,1,,,Remove,Unit information available in the description,
extraction.mlwh_nanodrop_concentration_ngul_value,mlwh,extraction,mlwh_nanodrop_concentration_ngul_value,Spectrophotometer Concentration (ng/ul),1,,"DNA concentration reading from the spectrophotometer, if many were taken the most recent is shown",,,
extraction.mlwh_post_spri_concentration_recorded_at,mlwh,extraction,mlwh_post_spri_concentration_recorded_at,Post Spri Concentration Recorded At,1,,,,,
extraction.mlwh_post_spri_concentration_units,mlwh,extraction,mlwh_post_spri_concentration_units,Post Spri Concentration Units,1,,,,,
extraction.mlwh_post_spri_concentration_value,mlwh,extraction,mlwh_post_spri_concentration_value,Post Spri Concentration,1,,,,,
extraction.mlwh_post_spri_volume_recorded_at,mlwh,extraction,mlwh_post_spri_volume_recorded_at,Post Spri Volume Recorded At,1,,,,,
extraction.mlwh_post_spri_volume_units,mlwh,extraction,mlwh_post_spri_volume_units,Post Spri Volume Units,1,,,,,
extraction.mlwh_post_spri_volume_value,mlwh,extraction,mlwh_post_spri_volume_value,Post Spri Volume Value,1,,,,,
extraction.mlwh_qc_status,mlwh,extraction,mlwh_qc_status,QC Status,1,,,,,
extraction.mlwh_qc_status_decision_by,mlwh,extraction,mlwh_qc_status_decision_by,QC Status Decision By,1,,,,,
extraction.mlwh_qubit_concentration_ngul_recorded_at,mlwh,extraction,mlwh_qubit_concentration_ngul_recorded_at,Qubit Concentration Recorded At,1,,,,,
extraction.mlwh_qubit_concentration_ngul_units,mlwh,extraction,mlwh_qubit_concentration_ngul_units,Qubit Concentration (ng/ul) Units,1,,,Remove,,
extraction.mlwh_qubit_concentration_ngul_value,mlwh,extraction,mlwh_qubit_concentration_ngul_value,Qubit Concentration (ng/ul),1,,DNA concentration as measured by Qubit,,,
extraction.mlwh_results_pdf_recorded_at,mlwh,extraction,mlwh_results_pdf_recorded_at,Results PDF Recorded At,1,,,,,
extraction.mlwh_results_pdf_units,mlwh,extraction,mlwh_results_pdf_units,Results PDF Units,1,,,,,
extraction.mlwh_results_pdf_value,mlwh,extraction,mlwh_results_pdf_value,Results PDF,1,,,,,
extraction.mlwh_sheared_femto_fragment_size_recorded_at,mlwh,extraction,mlwh_sheared_femto_fragment_size_recorded_at,Sheared Femto Fragment Size Recorded At,1,,,,,
extraction.mlwh_sheared_femto_fragment_size_units,mlwh,extraction,mlwh_sheared_femto_fragment_size_units,Sheared Femto Fragment Size Units,1,,,,,
extraction.mlwh_sheared_femto_fragment_size_value,mlwh,extraction,mlwh_sheared_femto_fragment_size_value,Sheared Femto Fragment Size,1,,,,,
extraction.mlwh_shearing_qc_comments_recorded_at,mlwh,extraction,mlwh_shearing_qc_comments_recorded_at,Shearing QC Comments Recorded At,,,,,,
extraction.mlwh_shearing_qc_comments_units,mlwh,extraction,mlwh_shearing_qc_comments_units,Shearing QC Comments Units,,,,,,
extraction.mlwh_shearing_qc_comments_value,mlwh,extraction,mlwh_shearing_qc_comments_value,Shearing QC Comments Value,,,,,,
extraction.mlwh_tissue_prep_fluidx_id,mlwh,extraction,mlwh_tissue_prep_fluidx_id,Tissue Prep FluidX Tube ID,1,,,,,
extraction.mlwh_volume_si_recorded_at,mlwh,extraction,mlwh_volume_si_recorded_at,Volume Recorded At,1,,,,,
extraction.mlwh_volume_si_units,mlwh,extraction,mlwh_volume_si_units,Volume units,1,,,,,
extraction.mlwh_volume_si_value,mlwh,extraction,mlwh_volume_si_value,Volume,1,,The volume in the tube (LRES),,,
extraction.mlwh_yield_recorded_at,mlwh,extraction,mlwh_yield_recorded_at,Yield Recorded At,1,,,,,
extraction.mlwh_yield_units,mlwh,extraction,mlwh_yield_units,Yield units,1,,,Remove,,
extraction.mlwh_yield_value,mlwh,extraction,mlwh_yield_value,DNA Yield (ng),1,,Total yield of DNA in an extraction based on the Qubit measurement,,,
extraction.mlwh_sequencing_request_mlwh_volume_remaining_max,mlwh,extraction,mlwh_sequencing_request_mlwh_volume_remaining_max,Maximum Library Volume Remaining,1,,,,,
run_data.mlwh_adapter_dimer_percent,mlwh,run_data,mlwh_adapter_dimer_percent,Adapter Dimer Percent,0,,,Remove,,
run_data.mlwh_binding_kit,mlwh,run_data,mlwh_binding_kit,Binding Kit,0,,,,,
run_data.mlwh_biosample_accession,mlwh,run_data,mlwh_biosample_accession,Biosample ID,0,,Biosample ID of sample,Remove,,
run_data.mlwh_biospecimen_accession,mlwh,run_data,mlwh_biospecimen_accession,Biospecimen ID,0,,Biospecimen ID of sample,Remove,,
run_data.mlwh_cell_lot_number,mlwh,run_data,mlwh_cell_lot_number,Cell Lot Number,0,,,,,
run_data.mlwh_control_concordance_mean,mlwh,run_data,mlwh_control_concordance_mean,Control Concordance Mean,0,,,,,
run_data.mlwh_control_concordance_mode,mlwh,run_data,mlwh_control_concordance_mode,Control Concordance Mode,0,,,,,
run_data.mlwh_control_num_reads,mlwh,run_data,mlwh_control_num_reads,Control Number Reads,0,,,,,
run_data.mlwh_control_read_length_mean,mlwh,run_data,mlwh_control_read_length_mean,Control Read Length Mean,0,,,,,
run_data.mlwh_cost_code,mlwh,run_data,mlwh_cost_code,Cost Code,,,,,,
run_data.mlwh_hifi_barcoded_reads,mlwh,run_data,mlwh_hifi_barcoded_reads,Hifi Barcoded Reads,0,,,,,
run_data.mlwh_hifi_bases_in_barcoded_reads,mlwh,run_data,mlwh_hifi_bases_in_barcoded_reads,Hifi Bases in Barcoded Reads,0,,,,,
run_data.mlwh_hifi_low_quality_num_reads,mlwh,run_data,mlwh_hifi_low_quality_num_reads,Hifi Low Quality Num Reads,0,,,,,
run_data.mlwh_hifi_low_quality_read_bases,mlwh,run_data,mlwh_hifi_low_quality_read_bases,Hifi Low Quality Read Bases,0,,,,,
run_data.mlwh_hifi_low_quality_read_length_mean,mlwh,run_data,mlwh_hifi_low_quality_read_length_mean,Hifi Low Quality Read Length Mean,0,,,,,
run_data.mlwh_hifi_low_quality_read_quality_median,mlwh,run_data,mlwh_hifi_low_quality_read_quality_median,Hifi Low Quality Read Quality Median,0,,,,,
run_data.mlwh_hifi_num_reads,mlwh,run_data,mlwh_hifi_num_reads,Hifi Num Reads,0,,,,,
run_data.mlwh_hifi_number_passes_mean,mlwh,run_data,mlwh_hifi_number_passes_mean,Hifi Number Passes Mean,0,,,,,
run_data.mlwh_hifi_read_length_mean,mlwh,run_data,mlwh_hifi_read_length_mean,Hifi Read Length Mean,0,,,,,
run_data.mlwh_hifi_read_quality_median,mlwh,run_data,mlwh_hifi_read_quality_median,Hifi Read Quality Median,0,,,,,
run_data.mlwh_include_kinetics,mlwh,run_data,mlwh_include_kinetics,Include Kinetics,0,,,,,
run_data.mlwh_insert_length_mean,mlwh,run_data,mlwh_insert_length_mean,Insert Length Mean,0,,,,,
run_data.mlwh_insert_length_n50,mlwh,run_data,mlwh_insert_length_n50,Insert Length N50,0,,,,,
run_data.mlwh_instrument_model,mlwh,run_data,mlwh_instrument_model,Instrument Model,0,,,,,
run_data.mlwh_instrument_name,mlwh,run_data,mlwh_instrument_name,Instrument Name,0,,,,,
run_data.mlwh_irods_file,mlwh,run_data,mlwh_irods_file,iRODS File,0,,,,,
run_data.mlwh_irods_path,mlwh,run_data,mlwh_irods_path,iRODS Path,0,,,,,
run_data.mlwh_library_id,mlwh,run_data,mlwh_library_id,Library ID,0,,,,,
run_data.mlwh_lims_qc,mlwh,run_data,mlwh_lims_qc,LIMS QC,0,,,,,
run_data.mlwh_lims_run_id,mlwh,run_data,mlwh_lims_run_id,LIMS Run ID,0,,,,,
run_data.mlwh_loading_conc,mlwh,run_data,mlwh_loading_conc,Loading Concentration,0,,,,,
run_data.mlwh_local_base_rate,mlwh,run_data,mlwh_local_base_rate,Local Base Rate,0,,,,,
run_data.mlwh_movie_minutes,mlwh,run_data,mlwh_movie_minutes,Movie Minutes,0,,,,,
run_data.mlwh_p0_num,mlwh,run_data,mlwh_p0_num,P0 Number,0,,% of ZMWs that are Empty,,,
run_data.mlwh_p1_num,mlwh,run_data,mlwh_p1_num,P1 Number,0,,% of ZMWs that are Productive,,,
run_data.mlwh_p2_num,mlwh,run_data,mlwh_p2_num,P2 Number,0,,% of ZMWs that are not P1 or P2,,,
run_data.mlwh_pipeline_id_lims,mlwh,run_data,mlwh_pipeline_id_lims,Pipeline ID LIMS,0,,,,,
run_data.mlwh_platform_type,mlwh,run_data,mlwh_platform_type,Platform Type,0,,,,,
run_data.mlwh_plex_count,mlwh,run_data,mlwh_plex_count,Plex Count,,,,,,
run_data.mlwh_polymerase_num_reads,mlwh,run_data,mlwh_polymerase_num_reads,Polymerase Num Reads,0,,,,,
run_data.mlwh_polymerase_read_bases,mlwh,run_data,mlwh_polymerase_read_bases,Polymerase Read Bases,0,,,,,
run_data.mlwh_polymerase_read_length_mean,mlwh,run_data,mlwh_polymerase_read_length_mean,Polymerase Read Length Mean,0,,,,,
run_data.mlwh_polymerase_read_length_n50,mlwh,run_data,mlwh_polymerase_read_length_n50,Polymerase Read Length N50,0,,,,,
run_data.mlwh_productive_zmws_num,mlwh,run_data,mlwh_productive_zmws_num,Productive ZMWS Num,0,,,,,
run_data.mlwh_qc_date,mlwh,run_data,mlwh_qc_date,QC Date,0,,,,,
run_data.mlwh_run_complete,mlwh,run_data,mlwh_run_complete,Run Complete,0,,Date sequencing run completed,,,
run_data.mlwh_run_id,mlwh,run_data,mlwh_run_id,Run ID,0,,,,,
run_data.mlwh_run_start,mlwh,run_data,mlwh_run_start,Run Start,0,,Date sequencing run started,,,
run_data.mlwh_scientific_name,mlwh,run_data,mlwh_scientific_name,Scientific Name,0,,,,,
run_data.mlwh_sequencing_kit,mlwh,run_data,mlwh_sequencing_kit,Sequencing Kit,0,,,,,
run_data.mlwh_sequencing_kit_lot_number,mlwh,run_data,mlwh_sequencing_kit_lot_number,Sequencing Kit Lot Number,0,,,,,
run_data.mlwh_qc_seq_state,mlwh,run_data,mlwh_qc_seq_state,Sequencing State,1,,"The value is confirmed (i.e. has left data QC) if the attribute ‘mlwh_qc_seq_state_is_final’ is 1
Failed, Instrument = Cell failed and credited, an issue was identified with the instrument
Failed, SMRT Cell = Cell failed and credited, an issue was identified with the cell QC metrics
Failed = Cell failed, no issue detected, no credit given
On Hold = Awaiting further information e.g. demultiplexing failure
Passed = Cell achieved minimum expected threshold",,,
run_data.mlwh_qc_seq_state_is_final,mlwh,run_data,mlwh_qc_seq_state_is_final,Sequencing State is Final,1,,,,,
run_data.mlwh_short_insert_percent,mlwh,run_data,mlwh_short_insert_percent,Short Insert Percent,0,,,,,
run_data.mlwh_study_id,mlwh,run_data,mlwh_study_id,Study ID,0,,,,,
run_data.mlwh_tag1_id,mlwh,run_data,mlwh_tag1_id,Tag1 ID,0,,Tag sequence used in library prep,,,
run_data.mlwh_tag2_id,mlwh,run_data,mlwh_tag2_id,Tag 2 ID,0,,Tag sequence used in library prep,,,
run_data.mlwh_tag_index,mlwh,run_data,mlwh_tag_index,Tag Index,0,,,,,
run_data.mlwh_unique_molecular_bases,mlwh,run_data,mlwh_unique_molecular_bases,Unique Molecular Bases,0,,,,,
sample.mlwh_sequencing_request_mlwh_volume_remaining_max,mlwh,sample,mlwh_sequencing_request_mlwh_volume_remaining_max,Maximum Library Volume Remaining,,,,,,
sequencing_request.mlwh_accession_number,mlwh,sequencing_request,mlwh_accession_number,Accession Number,,,,,,
sequencing_request.mlwh_common_name,mlwh,sequencing_request,mlwh_common_name,Common Name,,,,Remove,,
sequencing_request.mlwh_concentration,mlwh,sequencing_request,mlwh_concentration,Concentration,1,,,,,
sequencing_request.mlwh_description,mlwh,sequencing_request,mlwh_description,Description,,,,,,
sequencing_request.mlwh_donor_id,mlwh,sequencing_request,mlwh_donor_id,Donor ID,,,,,,
sequencing_request.mlwh_insert_size,mlwh,sequencing_request,mlwh_insert_size,Insert size,1,,,,,
sequencing_request.mlwh_original_volume,mlwh,sequencing_request,mlwh_original_volume,Original volume,1,,The original volume received by SciOps for sequencing,,,
sequencing_request.mlwh_run_data_count,mlwh,sequencing_request,mlwh_run_data_count,Number of Runs,,,,,,
sequencing_request.mlwh_run_data_hic_count,mlwh,sequencing_request,mlwh_run_data_hic_count,Number of HiC Runs,,,,,,
sequencing_request.mlwh_run_data_mlwh_run_complete_hic_max,mlwh,sequencing_request,mlwh_run_data_mlwh_run_complete_hic_max,Date of Latest HiC Run,,,,,,
sequencing_request.mlwh_run_data_mlwh_run_complete_hic_min,mlwh,sequencing_request,mlwh_run_data_mlwh_run_complete_hic_min,Date of Earliest HiC Run,,,,,,
sequencing_request.mlwh_run_data_mlwh_run_complete_max,mlwh,sequencing_request,mlwh_run_data_mlwh_run_complete_max,Date of Latest Run,,,,,,
sequencing_request.mlwh_run_data_mlwh_run_complete_min,mlwh,sequencing_request,mlwh_run_data_mlwh_run_complete_min,Date of Earliest Run,1,,,,,
sequencing_request.mlwh_run_data_mlwh_run_complete_pacbio_max,mlwh,sequencing_request,mlwh_run_data_mlwh_run_complete_pacbio_max,Date of Latest Pacbio Run,,,,,,
sequencing_request.mlwh_run_data_mlwh_run_complete_pacbio_min,mlwh,sequencing_request,mlwh_run_data_mlwh_run_complete_pacbio_min,Date of Earliest Pacbio Run,,,,,,
sequencing_request.mlwh_run_data_mlwh_run_complete_rnaseq_max,mlwh,sequencing_request,mlwh_run_data_mlwh_run_complete_rnaseq_max,Date of Latest RNASeq Run,,,,,,
sequencing_request.mlwh_run_data_mlwh_run_complete_rnaseq_min,mlwh,sequencing_request,mlwh_run_data_mlwh_run_complete_rnaseq_min,Date of Earliest RNASeq Run,,,,,,
sequencing_request.mlwh_run_data_pacbio_count,mlwh,sequencing_request,mlwh_run_data_pacbio_count,Number of PacBio Runs,,,,,,
sequencing_request.mlwh_run_data_rnaseq_count,mlwh,sequencing_request,mlwh_run_data_rnaseq_count,Number of RNASeq Runs,,,,,,
sequencing_request.mlwh_source_barcode,mlwh,sequencing_request,mlwh_source_barcode,Traction ID,,,,,,
sequencing_request.mlwh_study_id,mlwh,sequencing_request,mlwh_study_id,Study ID,,,,,,
sequencing_request.mlwh_volume_remaining,mlwh,sequencing_request,mlwh_volume_remaining,Volume remaining,1,,The calculated volume remaining,,,
species.mlwh_run_data_mlwh_run_complete_hic_min,mlwh,species,mlwh_run_data_mlwh_run_complete_hic_min,Earliest HiC Run,1,,,,,
species.mlwh_run_data_mlwh_run_complete_pacbio_min,mlwh,species,mlwh_run_data_mlwh_run_complete_pacbio_min,Earliest PacBio Run,1,,,,,
species.mlwh_run_data_mlwh_run_complete_rnaseq_min,mlwh,species,mlwh_run_data_mlwh_run_complete_rnaseq_min,Earliest RNASeq Run,1,,,,,
species.mlwh_run_data_hic_count,mlwh,species,mlwh_run_data_hic_count,Number of HiC Runs,,,Count of total HiC sequencing runs,,,
species.mlwh_run_data_mlwh_run_complete_hic_max,mlwh,species,mlwh_run_data_mlwh_run_complete_hic_max,Latest HiC Run,,,Completion date of the latest HiC run,,,
species.mlwh_run_data_mlwh_run_complete_pacbio_max,mlwh,species,mlwh_run_data_mlwh_run_complete_pacbio_max,Latest PacBio Run,,,Completion date of the latest PacBio run,,,
species.mlwh_run_data_mlwh_run_complete_rnaseq_max,mlwh,species,mlwh_run_data_mlwh_run_complete_rnaseq_max,Latest RNASeq Run,,,Completion date of the latest RNASeq run,,,
species.mlwh_run_data_pacbio_count,mlwh,species,mlwh_run_data_pacbio_count,Number of PacBio Runs,,,Count of total PacBio sequencing runs,,,
species.mlwh_run_data_rnaseq_count,mlwh,species,mlwh_run_data_rnaseq_count,Number of RNASeq Runs,,,Count of total RNASeq sequencing runs,,,
specimen.mlwh_run_data_count,mlwh,specimen,mlwh_run_data_count,Number of sequencing runs,,,,,,
tissue_prep.mlwh_sequencing_request_mlwh_volume_remaining_max,mlwh,tissue_prep,mlwh_sequencing_request_mlwh_volume_remaining_max,Maximum Library Volume Remaining,,,,,,
tolid.mlwh_run_data_count,mlwh,tolid,mlwh_run_data_count,Number of Runs,1,,,,,
tolid.mlwh_run_data_mlwh_run_complete_max,mlwh,tolid,mlwh_run_data_mlwh_run_complete_max,Latest Run Complete,1,,,,,
tolid.mlwh_run_data_mlwh_run_complete_min,mlwh,tolid,mlwh_run_data_mlwh_run_complete_min,Earliest Run Complete,1,,,,,
tolid.mlwh_sequencing_request_mlwh_volume_remaining_max,mlwh,tolid,mlwh_sequencing_request_mlwh_volume_remaining_max,Maximum Library Volume Remaining,,1,,,,
extraction.mlwh_final_nano_drop_280_recorded_at,mlwh,extraction,mlwh_final_nano_drop_280_recorded_at,,,,,,,
run_data.mlwh_product_hifi_read_bases,mlwh,run_data,mlwh_product_hifi_read_bases,Product CCS Yield,,,"Yield of individual sample after demultiplexing, within a multiplexed run",,,
run_data.mlwh_well_hifi_read_bases,mlwh,run_data,mlwh_well_hifi_read_bases,Well CCS Yield,,,"Total yield at well level, representing entire yield from single ZMW before demultiplexing",,,
run_data.mlwh_pac_bio_library_tube_name,mlwh,run_data,mlwh_pac_bio_library_tube_name,,,,,,,
sequencing_request.mlwh_order_date,mlwh,sequencing_request,mlwh_order_date,,,,,,,
run_data.mlwh_element,mlwh,run_data,mlwh_element,,,,,,,
sequencing_request.mlwh_run_data_mlwh_pac_bio_library_tube_name_union,mlwh,sequencing_request,mlwh_run_data_mlwh_pac_bio_library_tube_name_union,,,,,,,
extraction.mlwh_sequencing_request_count,mlwh,extraction,mlwh_sequencing_request_count,,,,,,,
tissue_prep.mlwh_sequencing_request_mlwh_volume_remaining_min,mlwh,tissue_prep,mlwh_sequencing_request_mlwh_volume_remaining_min,,,,,,,
tolid.mlwh_sequencing_request_count,mlwh,tolid,mlwh_sequencing_request_count,,,,,,,
tissue_prep.mlwh_sequencing_request_count,mlwh,tissue_prep,mlwh_sequencing_request_count,,,,,,,
sample.mlwh_sequencing_request_count,mlwh,sample,mlwh_sequencing_request_count,,,,,,,
extraction.mlwh_sequencing_request_mlwh_volume_remaining_min,mlwh,extraction,mlwh_sequencing_request_mlwh_volume_remaining_min,,,,,,,
tolid.mlwh_sequencing_request_mlwh_volume_remaining_min,mlwh,tolid,mlwh_sequencing_request_mlwh_volume_remaining_min,,,,,,,
sample.mlwh_sequencing_request_mlwh_volume_remaining_min,mlwh,sample,mlwh_sequencing_request_mlwh_volume_remaining_min,,,,,,,
sample.bioscan_extra_adult_feeding_guild,pantheon,sample,bioscan_extra_adult_feeding_guild,Pantheon: Adult feeding guild,1,,The classification of invertebrate adults within the Pantheon database based on their feeding behavior and ecological role.,,,
sample.bioscan_extra_associations,pantheon,sample,bioscan_extra_associations,Pantheon: Associations,1,,"The ecological relationships between invertebrate species and specific habitat features, resources, or environmental conditions",,,
sample.bioscan_extra_broad_biotope_habitat_resources,pantheon,sample,bioscan_extra_broad_biotope_habitat_resources,Pantheon: Broad Biotope,1,,Broad Biotope: The top-level division into broad ecological groups. Resources (such as structural features and food sources) considered important for species to complete their life cycles.,,,
sample.bioscan_extra_current_conservation_status,pantheon,sample,bioscan_extra_current_conservation_status,Pantheon: Current Conservation Status,1,,"The conservation status categories in Pantheon are derived from official designations such as:
International & National Red Lists (e.g., Critically Endangered, Vulnerable)
UK Legislation (e.g., Wildlife and Countryside Act protection)
Rare and Scarce Categories (e.g., Nationally Rare, Nationally Scarce)
Biodiversity Action Plan (BAP) Priorities",,,
sample.bioscan_extra_larval_feeding_guild,pantheon,sample,bioscan_extra_larval_feeding_guild,Pantheon: Larval Feeding Guild,1,,The classification of invertebrate larvae within the Pantheon database based on their feeding behavior and ecological role.,,,
sample.bioscan_extra_link_to_assemblage,pantheon,sample,bioscan_extra_link_to_assemblage,Pantheon: Link to Assemblage,,,,,,
sample.bioscan_extra_specific_assemblage_type,pantheon,sample,bioscan_extra_specific_assemblage_type,Pantheon: Specific Assemblage Type,1,,A Specific Assemblage Type (SAT) represents a distinct group of species that share ecological preferences and are commonly associated with particular habitats or environmental conditions. SATs help assess the quality and conservation significance of sites based on their invertebrate communities.,,,
sample.bioscan_extra_vernacular,pantheon,sample,bioscan_extra_vernacular,Pantheon: Vernacular,1,,Species common name,,,
extraction.portaldb_date_abandoned,portaldb,extraction,portaldb_date_abandoned,Date Extraction Abandoned,1,1,,,,
sample.portaldb_date_abandoned,portaldb,sample,portaldb_date_abandoned,Date Sample Abandoned,1,1,,,,
sequencing_request.portaldb_date_sent_to_sciops,portaldb,sequencing_request,portaldb_date_sent_to_sciops,Date sent to SciOps,1,,This is only filled in for requests that have been sent through the automated route,,,
sequencing_request.portaldb_plate_labware_uuid,portaldb,sequencing_request,portaldb_plate_labware_uuid,Plate Labware UUID,1,,,,,
sequencing_request.portaldb_sample_labware_uuid,portaldb,sequencing_request,portaldb_sample_labware_uuid,Sample Labware UUID,1,,,,,
sequencing_request.portaldb_date_abandoned,portaldb,sequencing_request,portaldb_date_abandoned,Date Sequencing Request Abandoned,1,1,,,,
species.portaldb_date_marked_for_recollection,portaldb,species,portaldb_date_marked_for_recollection,Date Species Marked For Recollection,1,,,,,
species.portaldb_marked_for_recollection_reason,portaldb,species,portaldb_marked_for_recollection_reason,Reason Species Marked For Recollection,1,,,,,
species.portaldb_marked_for_recollection_by,portaldb,species,portaldb_marked_for_recollection_by,,1,,,,,
tissue_prep.portaldb_date_abandoned,portaldb,tissue_prep,portaldb_date_abandoned,Date Tissue Prep Abandoned,1,1,,,,
tolid.portaldb_date_topup_actioned,portaldb,tolid,portaldb_date_topup_actioned,Top-Up Actioned Date ,1,1,,,,
tolid.portaldb_date_abandoned,portaldb,tolid,portaldb_date_abandoned,Date Individual Abandoned,1,1,,,,
sample.portaldb_abandoned_by,portaldb,sample,portaldb_abandoned_by,,,,,,,
extraction.portaldb_abandoned_by,portaldb,extraction,portaldb_abandoned_by,,,,,,,
sequencing_request.portaldb_abandoned_by,portaldb,sequencing_request,portaldb_abandoned_by,,,,,,,
tolid.portaldb_topup_actioned_by,portaldb,tolid,portaldb_topup_actioned_by,,,,,,,
sample.portaldb_topup_actioned_by,portaldb,sample,portaldb_topup_actioned_by,,,,,,,
sample.portaldb_date_topup_actioned,portaldb,sample,portaldb_date_topup_actioned,,,,,,,
manifest.sts_bio_safety_overall_status,sts,manifest,sts_bio_safety_overall_status,Bio Safety Overall Status,1,,,,,
manifest.sts_bio_safety_overall_status_updated_at,sts,manifest,sts_bio_safety_overall_status_updated_at,Bio Safety Overall Status Updated At,1,,,,,
manifest.sts_compliance_status,sts,manifest,sts_compliance_status,Compliance Status,1,,,,,
manifest.sts_copo_profile_title,sts,manifest,sts_copo_profile_title,COPO Profile Title,1,,,,,
manifest.sts_manifest_id,sts,manifest,sts_manifest_id,Manifest ID,,,The internal STS manifest ID. You won't want to use this.,,,
manifest.sts_programme,sts,manifest,sts_programme,Programme,1,1,,,,
manifest.sts_project,sts,manifest,sts_project,Project,1,1,,,,
manifest.sts_receive_date,sts,manifest,sts_receive_date,Received Date,1,,Date samples received at Sanger,,,
manifest.sts_released_to_lab,sts,manifest,sts_released_to_lab,Released to Lab,1,,,,,
manifest.sts_sample_count,sts,manifest,sts_sample_count,Number of samples,1,,,,,
manifest.sts_sample_sts_tollab_assign_date_min,sts,manifest,sts_sample_sts_tollab_assign_date_min,Earliest Date Assigned to Lab,1,,,,,
manifest.sts_sample_sts_tollab_assign_date_max,sts,manifest,sts_sample_sts_tollab_assign_date_max,Latest Date Assigned to Lab,1,,,,,
manifest.sts_research_governance_status,sts,manifest,sts_research_governance_status,Research Governance Status,1,,,,,
manifest.sts_rg_status_updated_at,sts,manifest,sts_rg_status_updated_at,Research Governance Status Updated At,1,,RG status date,,,
manifest.sts_sample_count,sts,manifest,sts_sample_count,Number of Samples,1,,,,,
manifest.sts_shipment_status,sts,manifest,sts_shipment_status,Shipment Status,1,,,,,
manifest.sts_shipment_status_updated_at,sts,manifest,sts_shipment_status_updated_at,Shipment Status Updated At,1,,,,,
manifest.sts_status,sts,manifest,sts_status,Status,1,,Status of manifest,,,
manifest.sts_status_updated_at,sts,manifest,sts_status_updated_at,Status Updated At,1,,Manifest status date,,,
manifest.sts_submit_date,sts,manifest,sts_submit_date,Manifest submission date,1,,Date manifest submitted to STS,,,
manifest.sts_wildlife_and_env_status,sts,manifest,sts_wildlife_and_env_status,Wildlife and Environment Status,1,,,,,
manifest.sts_wildlife_compliance_processors,sts,manifest,sts_wildlife_compliance_processors,Wildlife Compliance Processors,1,,,,,
manifest.sts_wildlife_status_updated_at,sts,manifest,sts_wildlife_status_updated_at,Wildlife and Environment Status Updated At,1,,Wildlife status date,,,
sample.sts_gal_sample_id,sts,sample,sts_gal_sample_id,GAL Sample ID,1,,The sample ID that the GAL/Partner assigns to the sample,,,
sample.sts_col_sample_id,sts,sample,sts_col_sample_id,Collector Sample ID,1,,The sample ID that the collector assignes to the sample,,,
sample.sts_strain,sts,sample,sts_strain,Strain,1,,The species strain,,,
sample.sts_AMOUNT_OF_CATCH_PLATED,sts,sample,sts_AMOUNT_OF_CATCH_PLATED,Amount of Catch Plated,1,,"The BIOSCAN manifest contains a drop down list describing if all the catch was plated, some of the catch plated, all the swarm catch plated or NOT_APPLICABLE",,,
sample.sts_ASSOCIATED_TRADITIONAL_KNOWLEDGE_CONTACT,sts,sample,sts_ASSOCIATED_TRADITIONAL_KNOWLEDGE_CONTACT,Associated Traditional Knowledge Contact,1,,"This field is only found in the ERGA manifests. Free text allowed,
provide reference, could be linked to an ORCID ID.
",,,
sample.sts_ASSOCIATED_TRADITIONAL_KNOWLEDGE_OR_BIOCULTURAL_RIGHTS_APPLICABLE,sts,sample,sts_ASSOCIATED_TRADITIONAL_KNOWLEDGE_OR_BIOCULTURAL_RIGHTS_APPLICABLE,Associated Traditional Knowledge or Biocultural Rights Applicable,1,,ERGA manifests. Mandatory information upon if indigenous rights are applicable to the sample/the species the sample was derived from. Y/N answer.,,,
sample.sts_BARCODING_STATUS,sts,sample,sts_BARCODING_STATUS,Barcoding Status,1,,Has barcoding on the samples been carried out?,,,
sample.sts_BIOBANKED_TISSUE_PRESERVATIVE,sts,sample,sts_BIOBANKED_TISSUE_PRESERVATIVE,Biobanked Tissue Preservative,1,,Found in ERGA manifest. This refers to how the tissue was preserved. for example snap frozen.,,,
sample.sts_BOLD_ACCESSION_NUMBER,sts,sample,sts_BOLD_ACCESSION_NUMBER,BOLD Accession Number,1,,what is the accession number in the Barcode of Life Databse (if applicable),,,
sample.sts_BOTTLE_DIRECTION,sts,sample,sts_BOTTLE_DIRECTION,Bottle Direction,1,1,This is referring to the compass direction of collection bottles on the Bioscan malaise traps,,,
sample.sts_CATCH_BOTTLE_TEMPERATURE_STORAGE,sts,sample,sts_CATCH_BOTTLE_TEMPERATURE_STORAGE,Catch Bottle Temperature Storage,1,,On Bioscan manifests. refers to how the catch bottle is stored after collection.,,,
sample.sts_CATCH_LOT,sts,sample,sts_CATCH_LOT,Catch Lot,1,1,Code used for a single en masse collection event.,,,
sample.sts_CATCH_SOLUTION,sts,sample,sts_CATCH_SOLUTION,Catch Solution,1,1,What solution was present in the bIOSCAN catch bottle during the collection period. for example 100% Ethanol.,,,
sample.sts_COLLECTION_METHOD,sts,sample,sts_COLLECTION_METHOD,Collection Method,1,1,"How was the sample collected. For example, net, trap, fishing rod.",,,
sample.sts_COLLECTOR_ORCID_ID,sts,sample,sts_COLLECTOR_ORCID_ID,Collector ORCID ID,1,,In ERGA manifests Each collector will have their own unique ORCID ID number. ,,,
sample.sts_CONTRIBUTORS,sts,sample,sts_CONTRIBUTORS,Contributers,1,,"The details for each person involved in setting traps, collecting catch, plating specimens and identifying specimens for BIOSCAN manifests",,,
sample.sts_COUNTRY_OF_COLLECTION,sts,sample,sts_COUNTRY_OF_COLLECTION,Country of Collection,1,1,The country BIOSCAN samples were collected in ,,,
sample.sts_DATE_OF_PLATING,sts,sample,sts_DATE_OF_PLATING,Date of Plating,1,,The date BIOSCAN samples from the Mailaise Trap were plated,,,
sample.sts_DNA_REMOVED_FOR_BIOBANKING,sts,sample,sts_DNA_REMOVED_FOR_BIOBANKING,DNA Removed for Biobanking,1,,ERGA Manifests. Yes/No answer,,,
sample.sts_DNA_VOUCHER_ID_FOR_BIOBANKING,sts,sample,sts_DNA_VOUCHER_ID_FOR_BIOBANKING,Voucher ID for Biobanking,1,,Accession number of DNA biobanked from the sequenced specimen. This ID should be prefixed by the acronym of the institution.,,,
sample.sts_DURATION_OF_COLLECTION,sts,sample,sts_DURATION_OF_COLLECTION,Duration of Collection,1,1,How long the BIOSCAN trap was set up and operational using ISO 8601 standards.,,,
sample.sts_ETHICS_PERMITS_DEF,sts,sample,sts_ETHICS_PERMITS_DEF,Ethics Permits Def,1,,"ERGA Manifests. Free text explaining permits, permit issuing entity and permit number.",,,
sample.sts_ETHICS_PERMITS_REQUIRED,sts,sample,sts_ETHICS_PERMITS_REQUIRED,Ethics Permits Required,1,,"ERGA Manifests. Mandatory information upon if an ethics
permit is needed to sample/sequence/voucher/biobank the sample/the species the sample was derived from, Yes/No Answer.",,,
sample.sts_INDIGENOUS_RIGHTS_DEF,sts,sample,sts_INDIGENOUS_RIGHTS_DEF,Indigenous Rights Def,1,,ERGA manifests. Yes/No answer.,,,
sample.sts_LATITUDE_END,sts,sample,sts_LATITUDE_END,Latitude End,1,,"The geographic location where the collection transect ended in decimal degrees, between -90 and 90.",,,
sample.sts_LATITUDE_START,sts,sample,sts_LATITUDE_START,Latitude Start,1,,"The geographic location where the collection transect started in decimal degrees, between -90 and 90",,,
sample.sts_LONGITUDE_END,sts,sample,sts_LONGITUDE_END,Longitude End,1,,"The geographic location where the collection transect ended in decimal degrees, between -180 and 180",,,
sample.sts_LONGITUDE_START,sts,sample,sts_LONGITUDE_START,Longitude Start,1,,"The geographic location where the collection transect started in decimal degrees, between -180 and 180",,,
sample.sts_MIXED_SAMPLE_RISK,sts,sample,sts_MIXED_SAMPLE_RISK,Mixed Sample Risk,1,,Y/N field to indicate if there is any risk that the SPECIMEN_ID provided does not reflect a single genetic entity of the target species.,,,
sample.sts_MORPHOSPECIES_DESCRIPTION,sts,sample,sts_MORPHOSPECIES_DESCRIPTION,Morphospecies Description,1,,A free text field for BIOSCAN partners to describe their specimens,,,
sample.sts_NAGOYA_PERMITS_DEF,sts,sample,sts_NAGOYA_PERMITS_DEF,Nagoya Permits Def,1,,"ERGA minifest. Free text explaining permits, permit issuing entity and permit number.",,,
sample.sts_NAGOYA_PERMITS_REQUIRED,sts,sample,sts_NAGOYA_PERMITS_REQUIRED,Nagoya Permits Required,1,,ERGA manifests. Yes/No answer.,,,
sample.sts_ORIGINAL_DECIMAL_LATITUDE,sts,sample,sts_ORIGINAL_DECIMAL_LATITUDE,Original Decimal Latitude,1,,"This field only applies to specimens that are from a zoo, botanic garden, culture collection or have a known origin elsewhere to the current location.",,,
sample.sts_ORIGINAL_DECIMAL_LONGITUDE,sts,sample,sts_ORIGINAL_DECIMAL_LONGITUDE,Original Decimal Latitude,1,,"This field only applies to specimens that are from a zoo, botanic garden, culture collection or have a known origin elsewhere to the current location.",,,
sample.sts_PLATE_TEMPERATURE_STORAGE,sts,sample,sts_PLATE_TEMPERATURE_STORAGE,Plate Temperature Storage,1,,The teperature BIOSCAN 96w plates are stored at after plating is complete,,,
sample.sts_PREDICTED_FAMILY,sts,sample,sts_PREDICTED_FAMILY,Partner: Predicted Family,1,1,A field for BIOSCAN partners to predict the taxonomy of their specimens,,,
sample.sts_PREDICTED_GENUS,sts,sample,sts_PREDICTED_GENUS,Partner: Predicted Genus,1,1,A field for BIOSCAN partners to predict the taxonomy of their specimens,,,
sample.sts_PREDICTED_ORDER_OR_GROUP,sts,sample,sts_PREDICTED_ORDER_OR_GROUP,Partner: Predicted Order,1,1,A field for BIOSCAN partners to predict the taxonomy of their specimens,,,
sample.sts_PREDICTED_SCIENTIFIC_NAME,sts,sample,sts_PREDICTED_SCIENTIFIC_NAME,Partner: Predicted Scientific Name,1,1,A field for BIOSCAN partners to predict the taxonomy of their specimens,,,
sample.sts_PRIMARY_BIOGENOME_PROJECT,sts,sample,sts_PRIMARY_BIOGENOME_PROJECT,Primary Biogenome Project,1,,"Indicate if your genome is part of ERGA-Pilot, ERGA-BGE or an ERGA-associated genome",,,
sample.sts_PROXY_TISSUE_VOUCHER_ID_FOR_BIOBANKING,sts,sample,sts_PROXY_TISSUE_VOUCHER_ID_FOR_BIOBANKING,Proxy Tissue Voucher ID for Biobanking,1,,"ERGA Manifests. In some cases, frozen, biobanked material will need to be made from a specimen that is different than the one being submitted for sequencing",,,
sample.sts_PROXY_VOUCHER_ID,sts,sample,sts_PROXY_VOUCHER_ID,Proxy Voucher ID,1,,"In some cases, voucher material will need to be made from a specimen that is different than the one being submitted for sequencing.",,,
sample.sts_PROXY_VOUCHER_LINK,sts,sample,sts_PROXY_VOUCHER_LINK,Proxy Voucher Link,1,,"This should contain an actionable link, HTTPS(S) URI, to the specimen that the institution is committed to maintaining for the foreseeable future. ",,,
sample.sts_SAMPLE_COORDINATOR,sts,sample,sts_SAMPLE_COORDINATOR,Sample Coordinator,1,,For ERGA Pilot manifests. Enter the name of the person or people who is responsible for the genome project ,,,
sample.sts_SAMPLE_COORDINATOR_AFFILIATION,sts,sample,sts_SAMPLE_COORDINATOR_AFFILIATION,Sample Coordinator Affiliation,1,,"For ERGA manifests. Free text field to supply the university, institution, or society that is responsible for the genome project of the sample. ",,,
sample.sts_SAMPLE_COORDINATOR_ORCID_ID,sts,sample,sts_SAMPLE_COORDINATOR_ORCID_ID,Sample Coordinator ORCID ID,1,,For ERGA manifests. Enter the 16 digits ORCID ID of the person or people who is responsible for the genome project of the sample.,,,
sample.sts_SAMPLING_PERMITS_DEF,sts,sample,sts_SAMPLING_PERMITS_DEF,Sampling Permits Def,1,,"For ERGA manifests. These documents need to cover all regulatory compliance including sampling, vouchering, sample transfers, sequencing, and sequence deposition. ",,,
sample.sts_SAMPLING_PERMITS_REQUIRED,sts,sample,sts_SAMPLING_PERMITS_REQUIRED,Sampling Permits Required,1,,For ERGA manifests. yes/no answer,,,
sample.sts_SORTING_SOLUTION_USED,sts,sample,sts_SORTING_SOLUTION_USED,Sorting Solution Used,1,,"For BIOSCAN manifests, parteners say Y or N if they have or haven't used sorting solution provided to them during plating of specimens",,,
sample.sts_TISSUE_FOR_BIOBANKING,sts,sample,sts_TISSUE_FOR_BIOBANKING,Tissue for Biobanking,1,,"For ERGA manifests. Please select from the drop-down menu what part of the organism was dissected for biobanking (e.g. leg, soft-body tissue etc.).",,,
sample.sts_TISSUE_REMOVED_FOR_BIOBANKING,sts,sample,sts_TISSUE_REMOVED_FOR_BIOBANKING,Tissue Removed for Biobanking,1,,ERGA & ASG Manifests. Yes/No answer. ,,,
sample.sts_TISSUE_VOUCHER_ID_FOR_BIOBANKING,sts,sample,sts_TISSUE_VOUCHER_ID_FOR_BIOBANKING,Tissue Voucher ID for Biobanking,1,,"ERGA Manifests. Accession
number of frozen, biobanked material from the sequenced specimen.",,,
sample.sts_VOUCHER_INSTITUTION,sts,sample,sts_VOUCHER_INSTITUTION,Voucher Institution,1,,"This should contain an actionable link, HTTP(S) URI, to the record for the voucher institution in a global registry.",,,
sample.sts_VOUCHER_LINK,sts,sample,sts_VOUCHER_LINK,Voucher Link,1,,A link to the specimen the institution is committed to maintaining for the forseeable future. ,,,
sample.sts_WHAT_3_WORDS,sts,sample,sts_WHAT_3_WORDS,What3Words,1,,"This information is for geolocating the BIOSCAN sample area to a 3 m square, mapped by what3words.com",,,
sample.sts_ac_status,sts,sample,sts_ac_status,Acceptance checklist status,1,,,,,
sample.sts_accept_date,sts,sample,sts_accept_date,Accepted date,1,,The date when the sample was accepted for shipment,,,
sample.sts_barcode_hub,sts,sample,sts_barcode_hub,Barcode Hub,1,,,,,
sample.sts_bio_safety_status,sts,sample,sts_bio_safety_status,Bio-safety Status,1,,Bio-safety checks - In progress/Failed/Completed,,,
sample.sts_biosample_accession,sts,sample,sts_biosample_accession,Biosample ID,1,1,The biosample accession number as issued by [ENA](https://www.ebi.ac.uk/biosamples/),,,
sample.sts_biospecimen_accession,sts,sample,sts_biospecimen_accession,Biospecimen ID (part-organisms only),1,1,The biosample accession number of the specimen as issued by [ENA](https://www.ebi.ac.uk/biosamples/). This is known within ToL as the Biospecimen ID. This field is only filled in for samples that are not the whole organism.,,,
sample.sts_bold_accession,sts,sample,sts_bold_accession,BOLD Accession,1,,Unique identifier assigned to a DNA barcode sequence stored within the Barcode of Life Data System,,,
sample.sts_bplate_pre,sts,sample,sts_bplate_pre,Bplate Pre,1,,"Barcode plate preservative. Guidance is found in the barcoding SOPs. Typically, samples will be submerged in 70% ethanol.",,,
sample.sts_bplateid,sts,sample,sts_bplateid,Bplateid,1,,Plate ID for barcoding. This is the barcode number on the side of the tissue plate. Barcoding sites will provide pre-labelled plates and tubes.,,,
sample.sts_btubeid,sts,sample,sts_btubeid,Btubeid,1,,Tube ID for barcoding. barcode/unique identifier on the tube containing the tissue sample. ,,,
sample.sts_cc_updated_on,sts,sample,sts_cc_updated_on,Cc Updated On,1,,,,,
sample.sts_col_date,sts,sample,sts_col_date,Collection date,1,,The date on which the sample was collected,,,
sample.sts_col_time,sts,sample,sts_col_time,Collection time,1,1,The time of day when the sample was collected,,,
sample.sts_collection_country,sts,sample,sts_collection_country,Collection country,1,,The country in which the sample has been collected,,,
sample.sts_collection_locality,sts,sample,sts_collection_locality,Collection locality,1,1,The region within a country where the sample has been collected,,,
sample.sts_collection_method_desc,sts,sample,sts_collection_method_desc,Description of Collection Method,1,1,A detailed as possible description of the sample collection methods,,,
sample.sts_collect_name,sts,sample,sts_collect_name,Collector name,1,1,Name of the sample collector ,,,
sample.sts_copoid,sts,sample,sts_copoid,COPO ID,1,,The unique identifier for a sample within the COPO brokering system,,,
sample.sts_created_on,sts,sample,sts_created_on,Date Created,1,,The date when the sample entry was created in STS,,,
sample.sts_depth,sts,sample,sts_depth,Depth,1,,The depth that was recorded in the field at the collection location and supplied on the manifest,,,
sample.sts_elevation,sts,sample,sts_elevation,Elevation,1,,The elevation that was recorded in the field at the collection location and supplied on the manifest,,,
sample.sts_eln_error,sts,sample,sts_eln_error,Benchling Error,1,,"If the tissue was not created in Benchling because of an error, this is the error.",,,
sample.sts_eln_id,sts,sample,sts_eln_id,Benchling Internal ID,1,,The Benchling entity ID as retrieved from Benchling and stored in STS,,,
sample.sts_eln_instance,sts,sample,sts_eln_instance,Benchling Instance,1,,This is the Benchling instance where the other ELN (Electronic Lab Notebook) data is retrieved from.,,,
sample.sts_eln_updated_at,sts,sample,sts_eln_updated_at,Tissue Exported Date STS to Benchling,1,,The date when the tissue entity was created in Benchling,,,
sample.sts_ep_exported,sts,sample,sts_ep_exported,Export Status,1,,Has a user exported this sample to Benchling?,,,
sample.sts_ep_synced,sts,sample,sts_ep_synced,Ep Synced,1,,,,,
sample.sts_ep_synced_date,sts,sample,sts_ep_synced_date,Ep Synced Date,1,,,,,
sample.sts_ep_synced_errors,sts,sample,sts_ep_synced_errors,Ep Synced Errors,1,,,,,
sample.sts_gal_abbreviation,sts,sample,sts_gal_abbreviation,GAL/Partner abbreviation,1,1,Abbreviated form of the GAL/Partner name,,,
sample.sts_gal_name,sts,sample,sts_gal_name,GAL/Partner name,1,1,"GAL/Partner name, usually the Institution involved in the project",,,
sample.sts_habitat,sts,sample,sts_habitat,Habitat,1,1,"Any comments about the location, habitat or
substrate",,,
sample.sts_hetero_sex,sts,sample,sts_hetero_sex,Hetero Sex,1,,,,,
sample.sts_identify_name,sts,sample,sts_identify_name,Identifier name,,,The name of the person or people who identified the sample to species level.,,,
sample.sts_inactivation_approved,sts,sample,sts_inactivation_approved,STS Inactivation Approved ,1,,,,,
sample.sts_inactivation_method,sts,sample,sts_inactivation_method,STS Inactivation Method,1,,,,,
sample.sts_latitude,sts,sample,sts_latitude,Latitude,1,,The latitude at which the sample was collected,,,
sample.sts_lifestage,sts,sample,sts_lifestage,Lifestage,1,1,Standardised lifestage as per https://github.com/darwintreeoflife/metadata,,,
sample.sts_longitude,sts,sample,sts_longitude,Longitude,1,,The longitude at which the sample was collected,,,
sample.sts_location,sts,sample,sts_location,LabWhere ID,1,1,"The LabWhere ID for where the rack/plate is located, for example, a freezer tray. ",,,
sample.sts_miss_in_shipment,sts,sample,sts_miss_in_shipment,Missing,1,,Tubes are sometimes missed from shipment so are not received.,,,
sample.sts_organism_part,sts,sample,sts_organism_part,Organism Part,1,1,Standardised tissue type as per https://github.com/darwintreeoflife/metadata,,,
sample.sts_origin_rackid,sts,sample,sts_origin_rackid,STS Origin Rackid,1,,,,,
sample.sts_original_collection_date,sts,sample,sts_original_collection_date,Original Collection Date,1,,"The date on which the sample was originally collected, for example when it was collected to form part of a museum collection",,,
sample.sts_original_geographic_location,sts,sample,sts_original_geographic_location,Original Geographic Location,1,,"The original location of the sample, for example where it came from before it was in a museum collection",,,
sample.sts_other_info,sts,sample,sts_other_info,Other Info,1,1,Other information about a sample some supplied on the original manifest but also supplemented when samples are changed or altered,,,
sample.sts_pos_in_rack,sts,sample,sts_pos_in_rack,Position in Rack,1,,Position of the sample in rack.,,,
sample.sts_pre_date,sts,sample,sts_pre_date,Preservation Date,1,,Date on which the species was preserved.,,,
sample.sts_pre_elapsed,sts,sample,sts_pre_elapsed,Time Elapsed Before Preservation,1,,Some organisms may be held living in collection for a period of time for starvation or other factors,,,
sample.sts_preservation_approach,sts,sample,sts_preservation_approach,Preservation Approach,1,1,Free text description of how the specimen/tissue was stored upon collection,,,
sample.sts_preserve_name,sts,sample,sts_preserve_name,Preserver Name,1,,Name of person that carried out the preservation,,,
sample.sts_preservative_solution,sts,sample,sts_preservative_solution,Preservative Solution,1,1,Free text field specifying the suspension liquid used to preserve the sample,,,
sample.sts_priority,sts,sample,sts_priority,Priority,1,1,"1=High, 2=Medium, 3=Lower, not set=Normal",,,
sample.sts_programme,sts,sample,sts_programme,Programme,1,1,"The Sanger programme that owns this sample, e.g. ToL",,,
sample.sts_project,sts,sample,sts_project,Project,1,1,The project that this sample belongs to,,,
sample.sts_rackid,sts,sample,sts_rackid,Rack/plate ID,1,,The rack (for samples in tubes) or plate ID,,,
sample.sts_receive_date,sts,sample,sts_receive_date,Received Date,1,,The date on which the sample was received on site,,,
sample.sts_reg_compliance,sts,sample,sts_reg_compliance,STS Reg Compliance,1,,Yes/No answer. ,,,
sample.sts_reject_date,sts,sample,sts_reject_date,Rejected date,1,,The date on which the sample was rejected for shipment,,,
sample.sts_relationship,sts,sample,sts_relationship,STS Relationship,1,,"Declaration of any known parental, child, or sibling relationship between the specimen and any other specimens that are submitted for the project, OR to declare if the specimen is a “barcode exemplar” for another specimen.
",,,
sample.sts_relocation_note,sts,sample,sts_relocation_note,STS Relocation Note,1,,Note entered by the Sample Manager when moving samples,,,
sample.sts_rg_action_required,sts,sample,sts_rg_action_required,STS Rg Action Required,1,,Is Research Governance Action required?,,,
sample.sts_rg_requirement,sts,sample,sts_rg_requirement,STS Rg Requirement,1,,Is Research Governance required?,,,
sample.sts_risk_assessment,sts,sample,sts_risk_assessment,STS Risk Assessment,1,,Is a risk assessment needed? Yes/No answer,,,
sample.sts_sample_format,sts,sample,sts_sample_format,Sample Format,1,,Infectious vs non-infectious organism sample or DNA,,,
sample.sts_sample_same_as,sts,sample,sts_sample_same_as,Biospecimen ID (whole organisms only),1,,The biosample accession number of the specimen as issued by [ENA](https://www.ebi.ac.uk/biosamples/). This is known within ToL as the Biospecimen ID. This field is only filled in for samples that are whole organisms,,,
sample.sts_sample_symbiont_of,sts,sample,sts_sample_symbiont_of,Biospecimen ID (symbionts only),1,,The biosample accession number of the specimen as issued by [ENA](https://www.ebi.ac.uk/biosamples/). This is known within ToL as the Biospecimen ID. This field is only filled in for samples that are symbionts,,,
sample.sts_send_rd,sts,sample,sts_send_rd,STS Send Rd,1,,Is the sample being sent to R&D? Yes/No answer,,,
sample.sts_sequencescape_study_id,sts,sample,sts_sequencescape_study_id,Sequencescape Study ID,1,,The study ID as used by Sequencescape,,,
sample.sts_series,sts,sample,sts_series,STS Series,1,,This field holds the name of the series of samples this particular one belongs to.,,,
sample.sts_sex,sts,sample,sts_sex,Sex,1,1,Standardised sex as per https://github.com/darwintreeoflife/metadata,,,
sample.sts_shipment_note,sts,sample,sts_shipment_note,STS Shipment Note,1,,Notes entered by the Sample Management team on shipment specifics,,,
sample.sts_specimen_risk,sts,sample,sts_specimen_risk,STS Specimen RIsk,1,,Y/N field to indicate if there is any risk that the SPECIMEN_ID provided does not reflect the species names it has been submitted under.,,,
sample.sts_sra_accession,sts,sample,sts_sra_accession,STS Sra Accession,1,,unique identification number assigned to a data record within the Sequence Read Archive (SRA),,,
sample.sts_storage_updated_at,sts,sample,sts_storage_updated_at,STS Storage Updated At,1,,,,,
sample.sts_stored_at,sts,sample,sts_stored_at,STS Stored At,1,,,,,
sample.sts_submission_accession,sts,sample,sts_submission_accession,STS Submission Accession,1,,,,,
sample.sts_submission_api_status,sts,sample,sts_submission_api_status,STS Submission API Status,1,,,,,
sample.sts_submission_api_sync_time,sts,sample,sts_submission_api_sync_time,STS Submission API Sync Time,1,,,,,
sample.sts_submit_date,sts,sample,sts_submit_date,STS Submit Date,1,,Sample set creation date,,,
sample.sts_symbiont,sts,sample,sts_symbiont,STS Symbiont,1,,This is to indicate whether the sample contains a known symbiont,Not Populated,,
sample.sts_tissue_depleted,sts,sample,sts_tissue_depleted,Tissue Depleted,1,,Has all material from this sample been depleted?,,,
sample.sts_tissue_remaining,sts,sample,sts_tissue_remaining,Tissue Remaining,1,1,Is there material remaining for this sample?,,,
sample.sts_tissue_size,sts,sample,sts_tissue_size,Tissue Size,1,,"Size of the tissue as reported by the submitter VS,S,M,L,Single Cell",,,
sample.sts_tollab_assign_date,sts,sample,sts_tollab_assign_date,Date Sent to Lab,1,,The date on which this sample was exported to Benchling from STS,,,
sample.sts_tremoved,sts,sample,sts_tremoved,Tissue Removed for Barcoding,1,,,,,
sample.sts_triage_applied,sts,sample,sts_triage_applied,STS Triage Applied,1,,,,,
sample.sts_tubeid,sts,sample,sts_tubeid,Tube/Well ID,1,,The individual tube ID (for samples in tubes) or the well (for samples in plates),,,
sample.sts_update_date,sts,sample,sts_update_date,STS Update Date,1,,,,,
sample.sts_updated_at,sts,sample,sts_updated_at,STS Updated At,,,,,,
sample.sts_voucherid,sts,sample,sts_voucherid,STS Voucherid,1,,Accession number of voucher material from the sequenced specimen.,,,
sample.sts_labwhere_parentage,sts,sample,sts_labwhere_parentage,Location Parentage,1,1,"The parent of location samples are stored, for example the freezer, shelf or room",,,
sample.sts_labwhere_name,sts,sample,sts_labwhere_name,Location Name,1,1,The location samples are stored,,,
sampleset.sts_affiliation,sts,sampleset,sts_affiliation,Affiliation,1,,Affiliation (institute) of sample provider,,,
sampleset.sts_desc,sts,sampleset,sts_desc,Description,,,,,,
sampleset.sts_expected_manifest_date,sts,sampleset,sts_expected_manifest_date,Expected Manifest Date,1,,,,,
sampleset.sts_gal_abbreviation,sts,sampleset,sts_gal_abbreviation,GAL/Hub/Partner Abbreviation,1,,,,,
sampleset.sts_legal_comment,sts,sampleset,sts_legal_comment,Legal Comment,1,,Free text comment from Legal compliance processor,,,
sampleset.sts_legal_contract,sts,sampleset,sts_legal_contract,Legal Contract Type,1,,,,,
sampleset.sts_legal_reference,sts,sampleset,sts_legal_reference,Legal Reference,1,,,,,
sampleset.sts_legal_status,sts,sampleset,sts_legal_status,Legal Status,1,,,,,
sampleset.sts_legal_status_updated_at,sts,sampleset,sts_legal_status_updated_at,Legal Status Updated At,1,,,,,
sampleset.sts_managers,sts,sampleset,sts_managers,SM Processors,1,1,Sample manager assigned to Sample Set,,,
sampleset.sts_num_expected_samples,sts,sampleset,sts_num_expected_samples,Number of Expected Samples,1,,,,,
sampleset.sts_other_info,sts,sampleset,sts_other_info,Other Information,1,,Other information provided by sample provider,,,
sampleset.sts_priority,sts,sampleset,sts_priority,Priority,1,,Priority sample set for onboarding,,,
sampleset.sts_programme,sts,sampleset,sts_programme,Programme,1,1,,,,
sampleset.sts_research_governance_processors,sts,sampleset,sts_research_governance_processors,RG Processors,1,1,,,,
sampleset.sts_rg_status_non_human,sts,sampleset,sts_rg_status_non_human,RG Status (Non Human),1,,,,,
sampleset.sts_rg_status_updated_at_non_human,sts,sampleset,sts_rg_status_updated_at_non_human,RG Status (Non Human) Updated At,1,,,,,
sampleset.sts_sample_count,sts,sampleset,sts_sample_count,Number of Samples in STS,1,,,,,
sampleset.sts_sample_sts_receive_date_max,sts,sampleset,sts_sample_sts_receive_date_max,Latest Sample Received Date,1,,,,,
sampleset.sts_sample_sts_receive_date_min,sts,sampleset,sts_sample_sts_receive_date_min,Earliest Sample Received Date,1,,,,,
sampleset.sts_sample_sts_submit_date_max,sts,sampleset,sts_sample_sts_submit_date_max,Latest Sample Submitted Date,1,,,,,
sampleset.sts_sample_sts_submit_date_min,sts,sampleset,sts_sample_sts_submit_date_min,Earliest Sample Submitted Date,1,,,,,
sampleset.sts_sampleset_id,sts,sampleset,sts_sampleset_id,Sampleset ID (STS Internal ID),,,The internal STS ID for the Sample Set. You won't want to use this.,,,
sampleset.sts_shipping_date,sts,sampleset,sts_shipping_date,Shipping Date,1,,Indicates the date when the sample arrived at Sanger,,,
sampleset.sts_shipping_from,sts,sampleset,sts_shipping_from,Shipping Address,1,,Address/location from which samples are shipped to Sanger from,,,
sampleset.sts_status,sts,sampleset,sts_status,Status,1,,,,,
sampleset.sts_status_updated_at,sts,sampleset,sts_status_updated_at,Status Updated At,1,,,,,
sampleset.sts_submit_date,sts,sampleset,sts_submit_date,Submit Date,1,,,,,
species.sts_sample_sts_accept_date_min,sts,species,sts_sample_sts_accept_date_min,Accepted Date,1,,The date that the first sample was accepted for shipping,,,
species.sts_sample_benchling_date_assigned_to_lab_min,sts,species,sts_sample_benchling_date_assigned_to_lab_min,Assigned to Lab,1,,The date on which the first sample was assigned to the lab,,,
species.sts_10x_submitted_date,sts,species,sts_10x_submitted_date,10x Submitted Date,,,,,,
species.sts_assigned_to_lab_date,sts,species,sts_assigned_to_lab_date,Assigned to Lab Date,,,The date a sample was assigned to the Lab,,,
species.sts_dna_extracted_date,sts,species,sts_dna_extracted_date,DNA Extracted Date (Legacy),,,,,,
species.sts_family,sts,species,sts_family,Family,1,1,A principal taxonomic category that ranks between Order and Genus,,,
species.sts_family_representative,sts,species,sts_family_representative,Family Representative,,,,,,
species.sts_genome_size,sts,species,sts_genome_size,Estimated Species Genome Size,1,1,Genome size as recorded in STS (This is the estimated genome size),,,Shouldn't be authoritative
species.sts_genus,sts,species,sts_genus,Genus,1,1,Genus of the species as per the NCBI database,,,
species.sts_hic_submitted_date,sts,species,sts_hic_submitted_date,HiC Submitted Date (Legacy),,,,,,
species.sts_novel_date,sts,species,sts_novel_date,Novel Date (Legacy),,,,,,
species.sts_order_group,sts,species,sts_order_group,Order/Group,1,1,Family of the species as per the NCBI database,,,
species.sts_pacbio_submitted_date,sts,species,sts_pacbio_submitted_date,PacBio Submitted Date (Legacy),,,,,,
species.sts_prefix,sts,species,sts_prefix,ToLID Prefix,,,A unique prefix assigned to a species in the [ToLID service](https://id.tol.sanger.ac.uk),,,
species.sts_ready,sts,species,sts_ready,,,,,,,
species.sts_rna_extracted_date,sts,species,sts_rna_extracted_date,RNA Extracted Date (Legacy),,,,,,
species.sts_rnaseq_submitted_date,sts,species,sts_rnaseq_submitted_date,RNASeq Submitted Date (Legacy),,,,,,
species.sts_sample_count,sts,species,sts_sample_count,Number of samples in STS,1,,The number of samples for the species,,,
species.sts_sample_sts_accept_date_max,sts,species,sts_sample_sts_accept_date_max,Latest Sample Accept Date,,,The latest date when the sample was accepted for shipment,,,
species.sts_sample_sts_accept_date_min,sts,species,sts_sample_sts_accept_date_min,Earliest Sample Accept Date,,,The date that the first sample was accepted for shipping,,,
species.sts_sample_sts_col_date_min,sts,species,sts_sample_sts_col_date_min,Earliest collection date,1,,The earliest date a sample of this species has been collected,,,
species.sts_sample_sts_gal_name_union,sts,species,sts_sample_sts_gal_name_union,Hub name,1,,The name(s) of hub(s)/GAL(s)/partner(s) that have worked on samples of this species,,,
species.sts_sample_sts_priority_max,sts,species,sts_sample_sts_priority_max,Max Priority,,,"Calculated field. In the context of priorities, this field has no meaning so you won't want to use it.",,,
species.sts_sample_sts_priority_min,sts,species,sts_sample_sts_priority_min,Priority,1,1,"Calculated field. Priority of the species, calculated from sample priorities so the highest will be displayed 1:Highest 2:Medium 3:Lowest priority NULL:General pipeline",,,
species.sts_sample_sts_programme_union,sts,species,sts_sample_sts_programme_union,Programme,1,,,,,
species.sts_sample_sts_project_union,sts,species,sts_sample_sts_project_union,Project,1,,,,,
species.sts_sample_sts_receive_date_max,sts,species,sts_sample_sts_receive_date_max,Latest Received date,1,,,,,
species.sts_sample_sts_receive_date_min,sts,species,sts_sample_sts_receive_date_min,Earliest Received date,1,,,,,
species.sts_sample_sts_submit_date_max,sts,species,sts_sample_sts_submit_date_max,Latest Submitted date,1,,,,,
species.sts_sample_sts_submit_date_min,sts,species,sts_sample_sts_submit_date_min,Earliest Submitted date,1,,,,,
species.sts_sample_sts_tollab_assign_date_max,sts,species,sts_sample_sts_tollab_assign_date_max,Latest Assigned To Lab Date,1,,,,,
species.sts_sample_sts_tollab_assign_date_min,sts,species,sts_sample_sts_tollab_assign_date_min,Earliest Assigned To Lab Date,1,,,,,
species.sts_scientific_name,sts,species,sts_scientific_name,Scientific Name,,1,"The primary latin name from the taxon record in NCBI taxonomy, as provided by the collector",,,
species.sts_sequencing_material_status,sts,species,sts_sequencing_material_status,Sequencing Material Status,,,Indication of whether recollection is required (i.e. not enough data obtained from existing samples) or whether a manual decision has been made to override,,,
species.sts_sequencing_material_status_updated_at,sts,species,sts_sequencing_material_status_updated_at,Sequencing Material Status Updated At,,,,,,
species.sts_species_id,sts,species,sts_species_id,Internal STS species ID,,,Internal ID for the species in STS. You probably don't want to use this!,,,
species.sts_taxon_group,sts,species,sts_taxon_group,Taxon Group,,1,Taxonomic group of the species as per the NCBI database,,,
species.sts_tissue_depleted,sts,species,sts_tissue_depleted,Tissue Depleted,,,Has all recorded sample material been deleted for this species?,,,
species.sts_tissue_subsample_date,sts,species,sts_tissue_subsample_date,,,,,,,
species.sts_sample_benchling_date_assigned_to_lab_max,sts,species,sts_sample_benchling_date_assigned_to_lab_max,Latest Date Sample Assigned To Lab,1,,,,,
species.sts_sample_benchling_date_assigned_to_lab_min,sts,species,sts_sample_benchling_date_assigned_to_lab_min,Earliest Date Sample Assigned To Lab,1,,Last date a sample for the species was assigned to the lab ,,,
species.tolid_common_name,sts,species,tolid_common_name,Common Name,,,,,,
species.tolid_family,sts,species,tolid_family,Family,,,,,,
species.tolid_genus,sts,species,tolid_genus,Genus,,,,,,
species.tolid_kingdom,sts,species,tolid_kingdom,Kingdom,,,,,,
specimen.sts_bio_specimen_id,sts,specimen,sts_bio_specimen_id,BioSpecimen ID,,,,,,
specimen.sts_created_on,sts,specimen,sts_created_on,,,,,,,
specimen.sts_dna_depleted,sts,specimen,sts_dna_depleted,DNA Depleted?,,,,,,
specimen.sts_estimated_genome_size,sts,specimen,sts_estimated_genome_size,Post-run genome size,,1,A better estimate for the genome size based on having analysed sequencing data.,,,
specimen.sts_is_complex,sts,specimen,sts_is_complex,Is Complex?,,,,,,
specimen.sts_ready,sts,specimen,sts_ready,,,,,,,
specimen.sts_rna_depleted,sts,specimen,sts_rna_depleted,RNA Depleted?,,,,,,
specimen.sts_sample_count,sts,specimen,sts_sample_count,Number of samples in STS,1,,Number of samples for this specimen,,,
specimen.sts_sample_sts_col_date_max,sts,specimen,sts_sample_sts_col_date_max,Latest collection date,1,,,,,
specimen.sts_sample_sts_col_date_min,sts,specimen,sts_sample_sts_col_date_min,Earliest collection date,1,,,,,
specimen.sts_sample_sts_receive_date_max,sts,specimen,sts_sample_sts_receive_date_max,Latest received date,1,,,,,
specimen.sts_sample_sts_receive_date_min,sts,specimen,sts_sample_sts_receive_date_min,Earliest received date,1,,,,,
specimen.sts_sample_sts_submit_date_max,sts,specimen,sts_sample_sts_submit_date_max,Latest submitted date,1,,,,,
specimen.sts_sample_sts_submit_date_min,sts,specimen,sts_sample_sts_submit_date_min,Earliest submitted date,1,,,,,
specimen.sts_tissue_depleted,sts,specimen,sts_tissue_depleted,Tissue Depleted,,,Has all recorded sample material been deleted for this specimen?,,,
specimen.sts_updated_at,sts,specimen,sts_updated_at,,,,,,,
tolid.sts_sample_sts_programme_union,sts,tolid,sts_sample_sts_programme_union,Programme(s),1,,All the programmes that samples from a ToLID are in,,,
tolid.sts_sample_sts_project_union,sts,tolid,sts_sample_sts_project_union,Project(s),1,1,All the projects that samples from a ToLID are in,,,
tolid.sts_sample_count,sts,tolid,sts_sample_count,Number of Samples in STS,1,1,,,,
tolid.sts_sample_sts_accept_date_max,sts,tolid,sts_sample_sts_accept_date_max,Latest Sample Accepted Date,1,,The latest date on which a sample has been received for a ToLID,,,
tolid.sts_sample_sts_accept_date_min,sts,tolid,sts_sample_sts_accept_date_min,Earliest Sample Accepted Date,1,,The earliest date on which a sample has been received for a ToLID,,,
tolid.sts_sample_sts_col_date_max,sts,tolid,sts_sample_sts_col_date_max,Latest Sample Collection Date,1,,,,,
tolid.sts_sample_sts_col_date_min,sts,tolid,sts_sample_sts_col_date_min,Earliest Sample Collection Date,1,,,,,
tolid.sts_sample_sts_priority_max,sts,tolid,sts_sample_sts_priority_max,Maximum Sample Priority,1,,This doesn't have any meaning in the context of priorities. You won't want to use it.,,,
tolid.sts_sample_sts_priority_min,sts,tolid,sts_sample_sts_priority_min,Minimum Sample Priority,1,,This highest priority of any of the samples for this ToLID,,,
tolid.sts_sample_sts_receive_date_max,sts,tolid,sts_sample_sts_receive_date_max,Latest Date Sample Received,1,,,,,
tolid.sts_sample_sts_receive_date_min,sts,tolid,sts_sample_sts_receive_date_min,Earliest Date Sample Received,1,,,,,
tolid.sts_sample_sts_submit_date_max,sts,tolid,sts_sample_sts_submit_date_max,Latest Sample Submitted Date,1,,,,,
tolid.sts_sample_sts_submit_date_min,sts,tolid,sts_sample_sts_submit_date_min,Earliest Sample Submitted Date,1,,,,,
tolid.sts_sample_sts_target_coverage_max,sts,tolid,sts_sample_sts_target_coverage_max,Target coverage,1,1,Target coverage for this ToLID. This is the maximum project taget coverage for the projects that samples for this ToLID are in.,,,
tolid.sts_sample_sts_target_coverage_min,sts,tolid,sts_sample_sts_target_coverage_min,Smallest Sample Target Coverage,,,This doesn't have any meaning in the context of target coverage. You won't want to use it.,,,
tolid.sts_sample_sts_tollab_assign_date_max,sts,tolid,sts_sample_sts_tollab_assign_date_max,Latest Date Sample Assigned To Lab,1,,,,,
tolid.sts_sample_sts_tollab_assign_date_min,sts,tolid,sts_sample_sts_tollab_assign_date_min,Earliest Date Sample Assigned To Lab,1,,,,,
sample.sts_ASSOCIATED_PROJECT_ACCESSIONS,sts,sample,sts_ASSOCIATED_PROJECT_ACCESSIONS,,,,,,,
species.sts_legislation,sts,species,sts_legislation,,,,,,,
sample.sts_banked_sample_category,sts,sample,sts_banked_sample_category,,,,,,,
sample.sts_lab_work_category,sts,sample,sts_lab_work_category,,,,,,,
sample.sts_TOLID_PREFIX,sts,sample,sts_TOLID_PREFIX,,,,,,,
species.sts_lab_work_status,sts,species,sts_lab_work_status,,,,,,,
sampleset.sts_project,sts,sampleset,sts_project,,,,,,,
manifest.sts_manifest_type,sts,manifest,sts_manifest_type,,,,,,,
sample.sts_target_coverage,sts,sample,sts_target_coverage,,,,,,,
sampleset.sts_num_expected_species,sts,sampleset,sts_num_expected_species,,,,,,,
sample.sts_cost_code,sts,sample,sts_cost_code,,,,,,,
sampleset.sts_legal_compliance_processors,sts,sampleset,sts_legal_compliance_processors,,,,,,,
species.sts_common_name,sts,species,sts_common_name,,,,,,,
specimen.sts_sample_sts_project_union,sts,specimen,sts_sample_sts_project_union,,,,,,,
sampleset.sts_sample_sts_accept_date_max,sts,sampleset,sts_sample_sts_accept_date_max,,,,,,,
specimen.sts_sample_sts_programme_union,sts,specimen,sts_sample_sts_programme_union,,,,,,,
sampleset.sts_sample_sts_accept_date_min,sts,sampleset,sts_sample_sts_accept_date_min,,,,,,,
species.sts_sample_sts_col_date_max,sts,species,sts_sample_sts_col_date_max,,,,,,,
species.tolid_name,tolid,species,tolid_name,Scientific Name (ToLID),,1,The species name as taken from the ToLID service,,,
species.tolid_phylum,tolid,species,tolid_phylum,Phylum,,,,,,
species.tolid_prefix,tolid,species,tolid_prefix,ToLID Prefix,1,1,The unique prefix used to assign ToLIDs to specimens of the species.,,,
species.tolid_tax_class,tolid,species,tolid_tax_class,Tax Class,,,,,,
species.tolid_tax_order,tolid,species,tolid_tax_order,Tax Order,,,,,,
species.tolid_tolid_count,tolid,species,tolid_tolid_count,Specimen Count,,1,The number of specimens (ToLIDs) that have been registered for the species,,,
species.tolqc_chromosome_number,tolid,species,tolqc_chromosome_number,Chromosome Number,,,,,,
species.tolqc_common_name,tolid,species,tolqc_common_name,Common Name,,,,,,
species.tolqc_family,tolid,species,tolqc_family,Family,,,,,,
species.tolqc_genome_size,tolid,species,tolqc_genome_size,Genome Size,,1,,,,
species.tolqc_group,tolid,species,tolqc_group,Group,,,,,,
species.tolqc_modified_at,tolid,species,tolqc_modified_at,Modified At,,,,,,
species.tolqc_order_group,tolid,species,tolqc_order_group,Order Group,,,,,,
species.tolqc_scientific_name,tolid,species,tolqc_scientific_name,Scientific Name,,,,,,
species.tolqc_taxon_group,tolid,species,tolqc_taxon_group,Taxon Group,,,,,,
tolid.tolid_created_at,tolid,tolid,tolid_created_at,Created At,1,,,,,
tolid.tolid_legacy_name,tolid,tolid,tolid_legacy_name,Legacy Name,,,"This records changes in ToLIDs, for example if a species name changes. You probably won't need to use this.",,,
tolid.tolid_requested_taxonomy_id,tolid,tolid,tolid_requested_taxonomy_id,Requested Taxonomy ID,1,,The taxonomy ID that this ToLID was originally requested under. If this is a subspecies it will be different to the species that the ToLID was issued for.,,,
run_data.tolqc_bases,tolqc,run_data,tolqc_bases,Yield,,,,,,
run_data.tolqc_bases_a,tolqc,run_data,tolqc_bases_a,Yield (A),,,,,,
run_data.tolqc_bases_c,tolqc,run_data,tolqc_bases_c,Yield (C),,,,,,
run_data.tolqc_bases_g,tolqc,run_data,tolqc_bases_g,Yield (G),,,,,,
run_data.tolqc_bases_t,tolqc,run_data,tolqc_bases_t,Yield (T),,,,,,
run_data.tolqc_biospecimen_id,tolqc,run_data,tolqc_biospecimen_id,Biospecimen ID,0,,,,,
run_data.tolqc_instrument_model,tolqc,run_data,tolqc_instrument_model,Instrument Model,0,,,,,
run_data.tolqc_manual_qc,tolqc,run_data,tolqc_manual_qc,Manual QC,0,0,,,,
run_data.tolqc_position,tolqc,run_data,tolqc_position,Position,0,,,,,
run_data.tolqc_read_length_n50,tolqc,run_data,tolqc_read_length_n50,N50,1,,,,,
run_data.tolqc_reporting_category,tolqc,run_data,tolqc_reporting_category,Reporting Category,1,,,,,
run_data.tolqc_run,tolqc,run_data,tolqc_run,Run,0,,,,,
run_data.tolqc_run_complete,tolqc,run_data,tolqc_run_complete,Run Complete,0,,,,,
run_data.tolqc_run_start,tolqc,run_data,tolqc_run_start,Run Start,0,,,,,
run_data.tolqc_tag_sequence,tolqc,run_data,tolqc_tag_sequence,Tag Sequence,0,,,,,
run_data.tolqc_tag2_sequence,tolqc,run_data,tolqc_tag2_sequence,Tag 2 Sequence,0,,,,,
sequencing_request.tolqc_run_data_tolqc_bases_sum,tolqc,sequencing_request,tolqc_run_data_tolqc_bases_sum,Cumulative yield,1,1,Coverage of Pacbio data so far ,,,
sequencing_request.tolqc_biospecimen_id,tolqc,sequencing_request,tolqc_biospecimen_id,Biospecimen ID,,,The Biospecimen ID as recorded in ToLQC,,,
species.tolqc_run_data_tolqc_bases_sum,tolqc,species,tolqc_run_data_tolqc_bases_sum,Cumulative yield,1,1,,,,
specimen.tolqc_run_data_tolqc_bases_sum,tolqc,specimen,tolqc_run_data_tolqc_bases_sum,Cumulative yield,,,,,,
tolid.tolqc_run_data_tolqc_bases_sum,tolqc,tolid,tolqc_run_data_tolqc_bases_sum,Cumulative yield,,1,,Remove,This should live in specimen,
tolid.tolqc_modified_at,tolqc,tolid,tolqc_modified_at,Modified At,,,,,,
tolid.tolqc_supplied_name,tolqc,tolid,tolqc_supplied_name,Supplied Name,,,,,,
sequencing_request.tolqc_modified_at,tolqc,sequencing_request,tolqc_modified_at,,,,,,,
tolid.tolqc_taxon_id,tolqc,tolid,tolqc_taxon_id,,,,,,,
tolid.tolqc_epithet,tolqc,tolid,tolqc_epithet,,,,,,,
sequencing_request.tolqc_hierarchy_name,tolqc,sequencing_request,tolqc_hierarchy_name,,,,,,,
species.tolqc_tolid_prefix,tolqc,species,tolqc_tolid_prefix,,,,,,,
specimen.tolqc_run_data_count,tolqc,specimen,tolqc_run_data_count,,,,,,,
tolid.tolqc_run_data_count,tolqc,tolid,tolqc_run_data_count,,,,,,,
sequencing_request.tolqc_run_data_count,tolqc,sequencing_request,tolqc_run_data_count,,,,,,,
species.tolqc_run_data_count,tolqc,species,tolqc_run_data_count,,,,,,,
species.tolqclegacy_assembly_stage,tolqclegacy,species,tolqclegacy_assembly_stage,Assembly Stage,,1,The assembly stage as displayed by the legacy ToLQC pages,,,
species.tolqclegacy_hierarchy_name,tolqclegacy,species,tolqclegacy_hierarchy_name,,,,,,,
species.tolqclegacy_group,tolqclegacy,species,tolqclegacy_group,,,,,,,
treeofsex_species.citation,treeofsex,treeofsex_species,citation,,1,,,,,
treeofsex_species.common_name,treeofsex,treeofsex_species,common_name,,1,,,,,
treeofsex_species.email,treeofsex,treeofsex_species,email,,1,,,,,
treeofsex_species.family,treeofsex,treeofsex_species,family,,1,,,,,
treeofsex_species.gametophytic_chromosome_num,treeofsex,treeofsex_species,gametophytic_chromosome_num,,1,,,,,
treeofsex_species.gametophytic_chromosome_num_mean,treeofsex,treeofsex_species,gametophytic_chromosome_num_mean,,1,,,,,
treeofsex_species.gametophytic_chromosome_num_min,treeofsex,treeofsex_species,gametophytic_chromosome_num_min,,1,,,,,
treeofsex_species.genotypic,treeofsex,treeofsex_species,genotypic,,1,,,,,
treeofsex_species.genus,treeofsex,treeofsex_species,genus,,1,,,,,
treeofsex_species.growth_form,treeofsex,treeofsex_species,growth_form,,1,,,,,
treeofsex_species.higher_taxanomic_group,treeofsex,treeofsex_species,higher_taxanomic_group,,1,,,,,
treeofsex_species.hybrid,treeofsex,treeofsex_species,hybrid,,1,,,,,
treeofsex_species.infraspecific,treeofsex,treeofsex_species,infraspecific,,1,,,,,
treeofsex_species.karyotype,treeofsex,treeofsex_species,karyotype,,1,,,,,
treeofsex_species.life_form,treeofsex,treeofsex_species,life_form,,1,,,,,
treeofsex_species.molecular_basis,treeofsex,treeofsex_species,molecular_basis,,1,,,,,
treeofsex_species.name_in_the_plant_list_v1_1,treeofsex,treeofsex_species,name_in_the_plant_list_v1_1,,1,,,,,
treeofsex_species.notes,treeofsex,treeofsex_species,notes,,1,,,,,
treeofsex_species.order,treeofsex,treeofsex_species,order,,1,,,,,
treeofsex_species.selfing,treeofsex,treeofsex_species,selfing,,1,,,,,
treeofsex_species.sexual_system,treeofsex,treeofsex_species,sexual_system,,1,,,,,
treeofsex_species.source_gametophytic_chromosome_num,treeofsex,treeofsex_species,source_gametophytic_chromosome_num,,1,,,,,
treeofsex_species.source_genotypic,treeofsex,treeofsex_species,source_genotypic,,1,,,,,
treeofsex_species.source_growth_form,treeofsex,treeofsex_species,source_growth_form,,1,,,,,
treeofsex_species.source_hybrid,treeofsex,treeofsex_species,source_hybrid,,1,,,,,
treeofsex_species.source_karyotype,treeofsex,treeofsex_species,source_karyotype,,1,,,,,
treeofsex_species.source_life_form,treeofsex,treeofsex_species,source_life_form,,1,,,,,
treeofsex_species.source_molecular_basis,treeofsex,treeofsex_species,source_molecular_basis,,1,,,,,
treeofsex_species.source_selfing,treeofsex,treeofsex_species,source_selfing,,1,,,,,
treeofsex_species.source_sexual_system,treeofsex,treeofsex_species,source_sexual_system,,1,,,,,
treeofsex_species.source_sporophytic_chromosome_num,treeofsex,treeofsex_species,source_sporophytic_chromosome_num,,1,,,,,
treeofsex_species.source_woodiness,treeofsex,treeofsex_species,source_woodiness,,1,,,,,
treeofsex_species.species,treeofsex,treeofsex_species,species,,1,,,,,
treeofsex_species.species_author,treeofsex,treeofsex_species,species_author,,1,,,,,
treeofsex_species.sporophytic_chromosome_num,treeofsex,treeofsex_species,sporophytic_chromosome_num,,1,,,,,
treeofsex_species.sporophytic_chromosome_num_mean,treeofsex,treeofsex_species,sporophytic_chromosome_num_mean,,1,,,,,
treeofsex_species.sporophytic_chromosome_num_min,treeofsex,treeofsex_species,sporophytic_chromosome_num_min,,1,,,,,
treeofsex_species.the_plant_list_v1_1,treeofsex,treeofsex_species,the_plant_list_v1_1,,1,,,,,
treeofsex_species.woodiness,treeofsex,treeofsex_species,woodiness,,1,,,,,
treeofsex_species.woodiness_count,treeofsex,treeofsex_species,woodiness_count,,,,,,,
sample.bioscan_qc_uksi_name_status,uksi,sample,bioscan_qc_uksi_name_status,UKSI Name Status,,,"Absent: This could mean that the taxon name is not in the UK, not in the UKSI list or potentially misspelled. Further investigation is required, please check the BOLD BIN for multiple species names where one of these may be a recommended UKSI taxon. Recommended: This is the accepted or valid name for a taxon in the UKSI, typically based on the most recent and widely accepted taxonomic consensus. Synonym: Synonyms are historical or alternative names that have been used for the same taxon but are no longer the recommended names. They may include older scientific names, misapplied names, or names resulting from taxonomic revisions (e.g., species being moved to different genera). please check the BOLD BIN for multiple species names where one of these may be a recommended UKSI taxon.",,,
curation.id,,curation,id,Curation Issue ID,1,,The Jira issue that the curation was performed under.,,,
extraction.id,,extraction,id,Extraction ID,1,,The ID of the extraction. For extracts performed in the Core Lab this will be the ID in Benchling. For extractions performed in SciOps this will be the Sanger Sample ID.,,,
genome_note.id,,genome_note,id,DOI Number,1,,,,,
run_data.id,,run_data,id,ID,1,,A generated identifier for the sequencing run data,,,
sample.id,,sample,id,Sample ID,1,,The ID of the sample. This is the internal STS identifier.,,,
sampleset.id,,sampleset,id,Sampleset ID,1,,"The internal ID for the sampleset, as defined in STS.",,,
sequencing_request.id,,sequencing_request,id,Sanger Sample Ref,1,,The reference ID of the sequencing request also commonly known as the Sanger Sample ID,,,
species.id,,species,id,Taxon ID,1,,Taxon Identifier in the NCBI for the species as named by the collector,,,
tolid.id,,tolid,id,ToLID,1,,The ToLID as allocated by [the ToLID service](https://id.tol.sanger.ac.uk),,,
tissue_prep.id,,tissue_prep,id,Tissue Prep ID,1,,The Benchling ID,,,
assembly_analysis.id,,assembly_analysis,id,Analysis ID,1,,,,,
manifest.id,,manifest,id,Manifest ID,1,,The manifest ID. This is a UUID generated either by COPO or internally.,,,
family.id,,family,id,Family,1,,The NCBI taxonomy term for the family.,,,