input_text,target_text
"create a dashboard with a table showing Latest HiC Run, Biospecimen ID, Number of HiC Runs, and Assigned to Lab Date","{""table"": {""title"": ""random"", ""attributes"": [""mlwh_run_data_mlwh_run_complete_hic_max"", ""calc_biospecimen_id"", ""mlwh_run_data_hic_count"", ""sts_assigned_to_lab_date""]}}"
"create a table showing Scientific Name, Research Governance Status, and Concentration","{""table"": {""title"": ""random"", ""attributes"": [""sts_scientific_name"", ""sts_research_governance_status"", ""mlwh_concentration""]}}"
show me a board with a table that includes Geval Analyis Date and Pantheon: Vernacular,"{""table"": {""title"": ""random"", ""attributes"": [""grit_geval_analysis_date"", ""bioscan_extra_vernacular""]}}"
"build a board with a table containing Latest RNASeq Request, Size of Tissue in Tube, Analysis ID, and Position","{""table"": {""title"": ""random"", ""attributes"": [""benchling_sequencing_request_benchling_completion_date_rnaseq_max"", ""benchling_size_of_tissue_in_tube"", ""id"", ""tolqc_position""]}}"
generate a table with Turnaround Time (weeks),"{""table"": {""title"": ""random"", ""attributes"": [""calc_tat_weeks""]}}"
show me a board with a table that includes Date Genome Note Published,"{""table"": {""title"": ""random"", ""attributes"": [""gn_genome_note_gn_date_published_min""]}}"
"make a dashboard that displays Yield, Location Parentage, Number of RNASeq Runs, and Taxon Group","{""table"": {""title"": ""random"", ""attributes"": [""tolqc_bases"", ""sts_labwhere_parentage"", ""mlwh_run_data_rnaseq_count"", ""sts_taxon_group""]}}"
create a board with a table that displays Biosample ID,"{""table"": {""title"": ""random"", ""attributes"": [""benchling_biosample_id""]}}"
"create a table showing Tissue Prep ID, Metadata Files, and Accession Data","{""table"": {""title"": ""random"", ""attributes"": [""id"", ""grit_metadata_files"", ""grit_accession_data""]}}"
create a dashboard with a table showing Haplotype,"{""table"": {""title"": ""random"", ""attributes"": [""grit_haplotype""]}}"
create a table showing Control Concordance Mode,"{""table"": {""title"": ""random"", ""attributes"": [""mlwh_control_concordance_mode""]}}"
generate a board that has a table showing Sample Prep Additional Requirements,"{""table"": {""title"": ""random"", ""attributes"": [""benchling_sample_prep_additional_requirements""]}}"
"generate a board that has a table showing STS Series, Collector name, Sequence Run Site, and ID","{""table"": {""title"": ""random"", ""attributes"": [""sts_series"", ""sts_collect_name"", ""bold_sequence_run_site"", ""id""]}}"
"generate a table with Scientific Name, Tissue Prep Name, STS Updated At, and Release Version","{""table"": {""title"": ""random"", ""attributes"": [""sts_scientific_name"", ""benchling_eln_tissue_prep_name"", ""sts_updated_at"", ""grit_release_version""]}}"
show me a board with a table that includes Maximum  Tissue Prep Weight Remaining,"{""table"": {""title"": ""random"", ""attributes"": [""benchling_tissue_prep_benchling_weight_mg_max""]}}"
"build a table that contains Final Nanodrop 230 Units, Contigs N50 After, and Number of DNA Extractions per ToLID","{""table"": {""title"": ""random"", ""attributes"": [""mlwh_final_nano_drop_230_units"", ""grit_contigs_n50_after"", ""calc_extraction_dna_count""]}}"
"build a table that contains Barcode Hub, Number of Expected Samples, Tube ID, and Created At","{""table"": {""title"": ""random"", ""attributes"": [""sts_barcode_hub"", ""sts_num_expected_samples"", ""benchling_tube_id"", ""tolid_created_at""]}}"
"create a table showing QC Fail Date, Family, and Treeval","{""table"": {""title"": ""random"", ""attributes"": [""grit_qc_fail_date"", ""tolid_family"", ""grit_treeval""]}}"
"create a dashboard with a table showing Tissue Prep Type, Date of Earliest HiC Run, Partner: Predicted Scientific Name, and Lustre Path Assembly","{""table"": {""title"": ""random"", ""attributes"": [""benchling_tissue_prep_type"", ""mlwh_run_data_mlwh_run_complete_hic_min"", ""sts_PREDICTED_SCIENTIFIC_NAME"", ""gap_lustre_path_assembly""]}}"
"create a board with a table that displays Accepted Date, Pipeline ID LIMS, and Catch Solution","{""table"": {""title"": ""random"", ""attributes"": [""sts_sample_sts_accept_date_min"", ""mlwh_pipeline_id_lims"", ""sts_CATCH_SOLUTION""]}}"
create a dashboard with a table showing GAL Sample ID,"{""table"": {""title"": ""random"", ""attributes"": [""sts_gal_sample_id""]}}"
make a board with a table including Scaffolds Count Change Per,"{""table"": {""title"": ""random"", ""attributes"": [""grit_scaffolds_count_change_per""]}}"
"show me a board with a table that includes Sheared Femto Fragment Size (bp), Downstream Protocol, GoaT Assembly Level, and Earliest Assigned To Lab Date","{""table"": {""title"": ""random"", ""attributes"": [""benchling_sheared_femto_fragment_size_bp"", ""benchling_downstream_protocol"", ""goat_assembly_level"", ""sts_sample_sts_tollab_assign_date_min""]}}"
"make a board with a table including Length Change Per, Latest Tissue Prep Date, Biospecimen ID (whole organisms only), and Date of Plating","{""table"": {""title"": ""random"", ""attributes"": [""grit_length_change_per"", ""benchling_tissue_prep_benchling_sampleprep_date_max"", ""sts_sample_same_as"", ""sts_DATE_OF_PLATING""]}}"
build a table that contains Created and Biospecimen ID (symbionts only),"{""table"": {""title"": ""random"", ""attributes"": [""grit_created"", ""sts_sample_symbiont_of""]}}"
build a board with a table containing Earliest Date Assigned to Lab,"{""table"": {""title"": ""random"", ""attributes"": [""sts_sample_sts_tollab_assign_date_min""]}}"
create a board with a table that displays Priority and Number of Samples in STS,"{""table"": {""title"": ""random"", ""attributes"": [""sts_sample_sts_priority_min"", ""sts_sample_count""]}}"
build a table that contains Smallest Sample Target Coverage,"{""table"": {""title"": ""random"", ""attributes"": [""sts_sample_sts_target_coverage_min""]}}"
"show me a board with a table that includes STS Rg Action Required, Volume, and Yield (A)","{""table"": {""title"": ""random"", ""attributes"": [""sts_rg_action_required"", ""mlwh_volume_si_value"", ""tolqc_bases_a""]}}"
create a dashboard with a table showing Family,"{""table"": {""title"": ""random"", ""attributes"": [""tolid_family""]}}"
build a board with a table containing Sequencescape Study ID and Pantheon: Specific Assemblage Type,"{""table"": {""title"": ""random"", ""attributes"": [""sts_sequencescape_study_id"", ""bioscan_extra_specific_assemblage_type""]}}"
build a table that contains Date Assigned to Lab,"{""table"": {""title"": ""random"", ""attributes"": [""benchling_date_assigned_to_lab""]}}"
"build a table that contains Shearing QC Comments Units, Downstream Protocol, and Scaff Count Before","{""table"": {""title"": ""random"", ""attributes"": [""mlwh_shearing_qc_comments_units"", ""benchling_downstream_protocol"", ""grit_scaff_count_before""]}}"
make a dashboard that displays Earliest Date Assigned to Lab,"{""table"": {""title"": ""random"", ""attributes"": [""sts_sample_sts_tollab_assign_date_min""]}}"
build a table that contains Run ID,"{""table"": {""title"": ""random"", ""attributes"": [""mlwh_run_id""]}}"
generate a table with Hifi Low Quality Read Bases and Maximum DNA Extraction Volume Remaining,"{""table"": {""title"": ""random"", ""attributes"": [""mlwh_hifi_low_quality_read_bases"", ""benchling_extraction_benchling_volume_ul_dna_max""]}}"
make a dashboard that displays Number of curations,"{""table"": {""title"": ""random"", ""attributes"": [""grit_curation_count""]}}"
"make a dashboard that displays BOLD: Genus, Tissue Prep Weight (mg), Latest Curation In Submission Date, and Supplied Name","{""table"": {""title"": ""random"", ""attributes"": [""bold_genus"", ""benchling_weight_mg"", ""grit_curation_grit_in_submission_date_max"", ""tolqc_supplied_name""]}}"
generate a board that has a table showing Sanger QC Result,"{""table"": {""title"": ""random"", ""attributes"": [""bioscan_qc_sanger_qc_result""]}}"
build a board with a table containing Earliest HiC Request and Number of Curation Requests,"{""table"": {""title"": ""random"", ""attributes"": [""benchling_sequencing_request_benchling_completion_date_hic_min"", ""grit_curation_count""]}}"
"create a board with a table that displays Maximum DNA Extraction Volume Remaining, Earliest Curation Done Date, Sheared Femto Fragment Size Recorded At, and Donor ID","{""table"": {""title"": ""random"", ""attributes"": [""benchling_extraction_benchling_volume_ul_dna_max"", ""grit_curation_grit_done_date_min"", ""mlwh_sheared_femto_fragment_size_recorded_at"", ""mlwh_donor_id""]}}"
"generate a board that has a table showing Common Name, Latest PacBio Request, and BOLD: Order","{""table"": {""title"": ""random"", ""attributes"": [""mlwh_common_name"", ""benchling_sequencing_request_benchling_completion_date_pacbio_max"", ""bold_order""]}}"
build a board with a table containing Completion date,"{""table"": {""title"": ""random"", ""attributes"": [""benchling_completion_date""]}}"
"generate a table with Smallest Sample Target Coverage, Date Assigned to Lab, and Preservation Approach","{""table"": {""title"": ""random"", ""attributes"": [""sts_sample_sts_target_coverage_min"", ""benchling_date_assigned_to_lab"", ""benchling_preservation_approach""]}}"
generate a board that has a table showing Yield,"{""table"": {""title"": ""random"", ""attributes"": [""tolqc_bases""]}}"
make a dashboard that displays Downstream Protocol,"{""table"": {""title"": ""random"", ""attributes"": [""benchling_downstream_protocol""]}}"
generate a board that has a table showing Earliest Date Assigned to Lab and Number of HiC Sequencing Requests,"{""table"": {""title"": ""random"", ""attributes"": [""sts_sample_sts_tollab_assign_date_min"", ""benchling_sequencing_request_hic_count""]}}"
"generate a table with Submission Files, Synonyms, and Habreg2017","{""table"": {""title"": ""random"", ""attributes"": [""grit_submission_files"", ""goat_synonym"", ""goat_habreg_2017""]}}"
create a board with a table that displays Latest Assigned To Lab Date and Longitude End,"{""table"": {""title"": ""random"", ""attributes"": [""sts_sample_sts_tollab_assign_date_max"", ""sts_LONGITUDE_END""]}}"
create a board with a table that displays Cc Updated On and RG Status (Non Human),"{""table"": {""title"": ""random"", ""attributes"": [""sts_cc_updated_on"", ""sts_rg_status_non_human""]}}"
make a board with a table including Run Complete,"{""table"": {""title"": ""random"", ""attributes"": [""tolqc_run_complete""]}}"
generate a table with Latest Curation Open Date and Curation Files,"{""table"": {""title"": ""random"", ""attributes"": [""grit_curation_grit_open_date_max"", ""grit_curation_files""]}}"
"make a board with a table including Scaffolds Count Change Per, Shipment Status Updated At, Shearing QC Comments Value, and Number of PacBio Sequencing Requests","{""table"": {""title"": ""random"", ""attributes"": [""grit_scaffolds_count_change_per"", ""sts_shipment_status_updated_at"", ""mlwh_shearing_qc_comments_value"", ""benchling_sequencing_request_pacbio_count""]}}"
"build a table that contains Yield (A), Earliest Assigned To Lab Date, Genome Status, and Estimated Genome size","{""table"": {""title"": ""random"", ""attributes"": [""tolqc_bases_a"", ""sts_sample_sts_tollab_assign_date_min"", ""informatics_tolid_informatics_status_min"", ""goat_genome_size""]}}"
"make a dashboard that displays Sanger QC Description, Shipment Status Updated At, and Number of RNASeq Sequencing Requests","{""table"": {""title"": ""random"", ""attributes"": [""bioscan_qc_sanger_qc_description"", ""sts_shipment_status_updated_at"", ""benchling_sequencing_request_rnaseq_count""]}}"
"make a board with a table including Instrument Model, Is Complex?, Scaffolds Count Before, and ID","{""table"": {""title"": ""random"", ""attributes"": [""mlwh_instrument_model"", ""sts_is_complex"", ""grit_scaffolds_count_before"", ""id""]}}"
"generate a board that has a table showing Assembly Type, Reopened Date, and Number of Runs","{""table"": {""title"": ""random"", ""attributes"": [""grit_assembly_type"", ""grit_reopened_date"", ""mlwh_run_data_count""]}}"
create a dashboard with a table showing Pipeline and Lifestage,"{""table"": {""title"": ""random"", ""attributes"": [""benchling_pipeline"", ""benchling_lifestage""]}}"
create a dashboard with a table showing 260/280 Ratio and Modified At,"{""table"": {""title"": ""random"", ""attributes"": [""mlwh_260_280_ratio_value"", ""tolqc_modified_at""]}}"
make a dashboard that displays Assigned By,"{""table"": {""title"": ""random"", ""attributes"": [""benchling_assigned_by""]}}"
"create a table showing BOLD: Class, Date Published, and Expected Karyotype","{""table"": {""title"": ""random"", ""attributes"": [""bold_class"", ""gn_date_published"", ""grit_expected_karyotype""]}}"
create a dashboard with a table showing Long list and BOLD:COISequence,"{""table"": {""title"": ""random"", ""attributes"": [""goat_long_list"", ""bold_nuc""]}}"
create a table showing Spectophotometer Concentration (ng/ul) and Post Spri Volume Units,"{""table"": {""title"": ""random"", ""attributes"": [""benchling_nanodrop_concentration_ngul"", ""mlwh_post_spri_volume_units""]}}"
"generate a table with PacBio Submitted Date (Legacy), Contigs Total After, Disruption Method, and Geval Analyis Date","{""table"": {""title"": ""random"", ""attributes"": [""sts_pacbio_submitted_date"", ""grit_contigs_total_after"", ""benchling_disruption_method"", ""grit_geval_analysis_date""]}}"
"create a dashboard with a table showing Latest Extraction Date, Reason Species Marked For Recollection, and Scaff Count After","{""table"": {""title"": ""random"", ""attributes"": [""benchling_extraction_benchling_completion_date_max"", ""portaldb_marked_for_recollection_reason"", ""grit_scaff_count_after""]}}"
create a dashboard with a table showing Earliest collection date,"{""table"": {""title"": ""random"", ""attributes"": [""sts_sample_sts_col_date_min""]}}"
"generate a board that has a table showing Earliest Sample Received Date, Smallest Sample Target Coverage, Submission Display ID, and Haplotype","{""table"": {""title"": ""random"", ""attributes"": [""sts_sample_sts_receive_date_min"", ""sts_sample_sts_target_coverage_min"", ""benchling_submission_display_id"", ""grit_haplotype""]}}"
make a dashboard that displays STS Updated At and Latest HiC Run,"{""table"": {""title"": ""random"", ""attributes"": [""sts_updated_at"", ""mlwh_run_data_mlwh_run_complete_hic_max""]}}"
generate a board that has a table showing Gather Data Date,"{""table"": {""title"": ""random"", ""attributes"": [""grit_gather_data_date""]}}"
"generate a board that has a table showing Contigs Total Before, Tray, DNA Extracted Date (Legacy), and Telomere Motif","{""table"": {""title"": ""random"", ""attributes"": [""grit_contigs_total_before"", ""benchling_tray"", ""sts_dna_extracted_date"", ""grit_telomere_motif""]}}"
"make a board with a table including Pantheon: Link to Assemblage, Taxon Group, 260/280 Ratio, and QC Fail Date","{""table"": {""title"": ""random"", ""attributes"": [""bioscan_extra_link_to_assemblage"", ""tolqc_taxon_group"", ""benchling_dna_260_280_ratio"", ""grit_qc_fail_date""]}}"
build a board with a table containing Sequencing Material Status and Priority,"{""table"": {""title"": ""random"", ""attributes"": [""sts_sequencing_material_status"", ""sts_sample_sts_priority_min""]}}"
generate a board that has a table showing Earliest Run Complete and Shearing QC Comments Recorded At,"{""table"": {""title"": ""random"", ""attributes"": [""mlwh_run_data_mlwh_run_complete_min"", ""mlwh_shearing_qc_comments_recorded_at""]}}"
make a dashboard that displays Family,"{""table"": {""title"": ""random"", ""attributes"": [""sts_family""]}}"
"build a table that contains 260/280 Ratio, Lustre Path Species, and Polymerase Read Bases","{""table"": {""title"": ""random"", ""attributes"": [""mlwh_260_280_ratio_value"", ""gap_lustre_path_species"", ""mlwh_polymerase_read_bases""]}}"
"create a dashboard with a table showing Family Representative, Important, and Manual Inversions","{""table"": {""title"": ""random"", ""attributes"": [""sts_family_representative"", ""grit_important"", ""grit_manual_inversions""]}}"
generate a board that has a table showing Assembly Type,"{""table"": {""title"": ""random"", ""attributes"": [""grit_assembly_type""]}}"
"make a board with a table including Insert Length N50, FluidX ID, Legal Contract Type, and Latest Sample Received Date","{""table"": {""title"": ""random"", ""attributes"": [""mlwh_insert_length_n50"", ""benchling_fluidx_id"", ""sts_legal_contract"", ""sts_sample_sts_receive_date_max""]}}"
make a board with a table including Hap2 Assembly Statistics,"{""table"": {""title"": ""random"", ""attributes"": [""grit_hap2_assembly_statistics""]}}"
"build a table that contains Latest HiC Run, Name, and Binding Kit","{""table"": {""title"": ""random"", ""attributes"": [""mlwh_run_data_mlwh_run_complete_hic_max"", ""benchling_name"", ""mlwh_binding_kit""]}}"
"show me a board with a table that includes Trio Decontamination Date, Taxon ID, and Shipment Status Updated At","{""table"": {""title"": ""random"", ""attributes"": [""grit_trio_decontamination_date"", ""id"", ""sts_shipment_status_updated_at""]}}"
"build a board with a table containing Rank, Binding Kit, and Curation Issue ID","{""table"": {""title"": ""random"", ""attributes"": [""grit_rank"", ""mlwh_binding_kit"", ""id""]}}"
build a table that contains Gfastats and Number of Individuals Require Top-Up,"{""table"": {""title"": ""random"", ""attributes"": [""grit_gfastats"", ""calc_topup_required_tolid_count""]}}"
build a board with a table containing Sheared Femto Fragment Size and Open Date,"{""table"": {""title"": ""random"", ""attributes"": [""mlwh_sheared_femto_fragment_size_value"", ""grit_open_date""]}}"
build a table that contains B&T ID and Longitude,"{""table"": {""title"": ""random"", ""attributes"": [""benchling_bt_id"", ""sts_longitude""]}}"
make a dashboard that displays DNA Extracted Date (Legacy) and Volume remaining,"{""table"": {""title"": ""random"", ""attributes"": [""sts_dna_extracted_date"", ""mlwh_volume_remaining""]}}"
make a dashboard that displays Number of HiC Sequencing Requests,"{""table"": {""title"": ""random"", ""attributes"": [""benchling_sequencing_request_hic_count""]}}"
"build a table that contains Priority, Scaffolds N90 Chage Per, and Ep Synced Date","{""table"": {""title"": ""random"", ""attributes"": [""sts_priority"", ""grit_scaffolds_n90_change_per"", ""sts_ep_synced_date""]}}"
build a board with a table containing Extraction Volume (µl),"{""table"": {""title"": ""random"", ""attributes"": [""benchling_volume_ul""]}}"
"create a table showing Earliest Received date, Earliest Sample Received Date, and Scaffolds L90 Before","{""table"": {""title"": ""random"", ""attributes"": [""sts_sample_sts_receive_date_min"", ""sts_sample_sts_receive_date_min"", ""grit_scaffolds_l90_before""]}}"
make a board with a table including Hetero Sex,"{""table"": {""title"": ""random"", ""attributes"": [""sts_hetero_sex""]}}"
make a board with a table including Chromosome number,"{""table"": {""title"": ""random"", ""attributes"": [""goat_chromosome_number""]}}"
"generate a table with 260/230 Ratio Recorded At, Accession Data, Ploidy, and Turnaround Time (days)","{""table"": {""title"": ""random"", ""attributes"": [""mlwh_260_230_ratio_recorded_at"", ""grit_accession_data"", ""goat_ploidy"", ""calc_tat_days""]}}"
"create a board with a table that displays Top-Up Required?, Earliest Assigned To Lab Date, Spectophotometer Concentration (ng/ul), and Plex Count","{""table"": {""title"": ""random"", ""attributes"": [""calc_topup_required"", ""sts_sample_sts_tollab_assign_date_min"", ""benchling_nanodrop_concentration_ngul"", ""mlwh_plex_count""]}}"
"create a table showing Original Geographic Location, Bplate Pre, BOLD: Family, and GAL/Partner name","{""table"": {""title"": ""random"", ""attributes"": [""sts_original_geographic_location"", ""sts_bplate_pre"", ""bold_family"", ""sts_gal_name""]}}"
"create a dashboard with a table showing iRODS Path, Earliest Run Complete, and Status","{""table"": {""title"": ""random"", ""attributes"": [""mlwh_irods_path"", ""mlwh_run_data_mlwh_run_complete_min"", ""sts_status""]}}"
generate a table with Extraction Type,"{""table"": {""title"": ""random"", ""attributes"": [""benchling_extraction_type""]}}"
generate a table with Sanger Sample ID (LRES),"{""table"": {""title"": ""random"", ""attributes"": [""benchling_sanger_sample_id""]}}"
make a board with a table including Work Ratio,"{""table"": {""title"": ""random"", ""attributes"": [""grit_work_ratio""]}}"
create a table showing Habitat and Traction ID,"{""table"": {""title"": ""random"", ""attributes"": [""sts_habitat"", ""mlwh_source_barcode""]}}"
"show me a board with a table that includes Acceptance checklist status, Number of Runs, Indigenous Rights Def, and Date of Latest Run","{""table"": {""title"": ""random"", ""attributes"": [""sts_ac_status"", ""mlwh_run_data_count"", ""sts_INDIGENOUS_RIGHTS_DEF"", ""mlwh_run_data_mlwh_run_complete_max""]}}"
build a table that contains Done Date,"{""table"": {""title"": ""random"", ""attributes"": [""calc_done_date""]}}"
"create a board with a table that displays Maximum DNA Extraction Volume Remaining, Sheared Femto Fragment Size Units, Earliest Assigned To Lab Date, and Latest PacBio Request","{""table"": {""title"": ""random"", ""attributes"": [""benchling_extraction_benchling_volume_ul_dna_max"", ""mlwh_sheared_femto_fragment_size_units"", ""sts_sample_sts_tollab_assign_date_min"", ""benchling_sequencing_request_benchling_completion_date_pacbio_max""]}}"
create a board with a table that displays Work Ratio and Preservation Approach,"{""table"": {""title"": ""random"", ""attributes"": [""grit_work_ratio"", ""sts_preservation_approach""]}}"
"create a table showing Resolution Reason, GAL/Hub/Partner Abbreviation, and ToLID prefix","{""table"": {""title"": ""random"", ""attributes"": [""grit_resolution_reason"", ""sts_gal_abbreviation"", ""goat_tolid_prefix""]}}"
create a board with a table that displays Sample Collected and Gather Data Date,"{""table"": {""title"": ""random"", ""attributes"": [""goat_sample_collected"", ""grit_gather_data_date""]}}"
"show me a board with a table that includes Contigs N50 After, Hifi Bases in Barcoded Reads, Biospecimen ID (part-organisms only), and Preservation Approach","{""table"": {""title"": ""random"", ""attributes"": [""grit_contigs_n50_after"", ""mlwh_hifi_bases_in_barcoded_reads"", ""sts_biospecimen_accession"", ""benchling_preservation_approach""]}}"
"create a table showing Earliest Sample Submitted Date, Expected Karyotype, 260/230 Ratio, and Curation Issue ID","{""table"": {""title"": ""random"", ""attributes"": [""sts_sample_sts_submit_date_min"", ""grit_expected_karyotype"", ""mlwh_260_230_ratio_value"", ""id""]}}"
"create a board with a table that displays Supplied Name, Trio Hyb Location, Legal Reference, and Labels","{""table"": {""title"": ""random"", ""attributes"": [""tolqc_supplied_name"", ""grit_trio_hyb_location"", ""sts_legal_reference"", ""grit_labels""]}}"
"make a dashboard that displays RNA Yield (ng), Phylum, Submitted Date, and Date sent to SciOps","{""table"": {""title"": ""random"", ""attributes"": [""benchling_rna_yield"", ""goat_phylum_name"", ""grit_submitted_date"", ""portaldb_date_sent_to_sciops""]}}"
show me a board with a table that includes Order and Wildlife Compliance Processors,"{""table"": {""title"": ""random"", ""attributes"": [""goat_order_name"", ""sts_wildlife_compliance_processors""]}}"
create a board with a table that displays Hifi Low Quality Num Reads and Library ID,"{""table"": {""title"": ""random"", ""attributes"": [""mlwh_hifi_low_quality_num_reads"", ""mlwh_library_id""]}}"
"make a board with a table including Voucher Institution, Maternal Contamination File, and Pantheon: Larval Feeding Guild","{""table"": {""title"": ""random"", ""attributes"": [""sts_VOUCHER_INSTITUTION"", ""grit_maternal_contamination_file"", ""bioscan_extra_larval_feeding_guild""]}}"
create a table showing Lifestage,"{""table"": {""title"": ""random"", ""attributes"": [""benchling_lifestage""]}}"
"show me a board with a table that includes Tissue Name, Programme, LIMS QC, and Rejected date","{""table"": {""title"": ""random"", ""attributes"": [""benchling_eln_tissue_name"", ""sts_programme"", ""mlwh_lims_qc"", ""sts_reject_date""]}}"
build a board with a table containing 260/230 Ratio Recorded At,"{""table"": {""title"": ""random"", ""attributes"": [""mlwh_260_230_ratio_recorded_at""]}}"
"generate a table with Compliance Status, Tissue Depleted, Date Sent to Lab, and Assembled By","{""table"": {""title"": ""random"", ""attributes"": [""sts_compliance_status"", ""sts_tissue_depleted"", ""sts_tollab_assign_date"", ""grit_assembled_by""]}}"
"create a table showing Sequencing Kit Lot Number, Cell Lot Number, Biosample ID, and Order","{""table"": {""title"": ""random"", ""attributes"": [""mlwh_sequencing_kit_lot_number"", ""mlwh_cell_lot_number"", ""benchling_biosample_id"", ""goat_order_name""]}}"
make a dashboard that displays Export Status,"{""table"": {""title"": ""random"", ""attributes"": [""sts_ep_exported""]}}"
"make a board with a table including Latitude End, Turnaround Time (weeks), and Project(s)","{""table"": {""title"": ""random"", ""attributes"": [""sts_LATITUDE_END"", ""calc_tat_weeks"", ""sts_sample_sts_project_union""]}}"
build a board with a table containing Number of PacBio Runs,"{""table"": {""title"": ""random"", ""attributes"": [""mlwh_run_data_pacbio_count""]}}"
"create a table showing R&D Sample, B&T ID, and Collection Method","{""table"": {""title"": ""random"", ""attributes"": [""benchling_rd_sample"", ""benchling_bnt_id"", ""sts_COLLECTION_METHOD""]}}"
build a board with a table containing Tissue Name and Pantheon: Associations,"{""table"": {""title"": ""random"", ""attributes"": [""benchling_eln_tissue_name"", ""bioscan_extra_associations""]}}"
make a dashboard that displays Minimum Sample Priority,"{""table"": {""title"": ""random"", ""attributes"": [""sts_sample_sts_priority_min""]}}"
"make a board with a table including Superkingdom name, Contigs Total Before, and N50 Change Per","{""table"": {""title"": ""random"", ""attributes"": [""goat_superkingdom_name"", ""grit_contigs_total_before"", ""grit_n50_change_per""]}}"
"create a table showing Latest submitted date, Programme, Last Viewed, and 260/280 Ratio","{""table"": {""title"": ""random"", ""attributes"": [""sts_sample_sts_submit_date_max"", ""sts_programme"", ""grit_last_viewed"", ""benchling_nanodrop_260280""]}}"
create a board with a table that displays Scaffolds N50 Change Per and Sheared Femto Fragment Size,"{""table"": {""title"": ""random"", ""attributes"": [""grit_scaffolds_n50_change_per"", ""mlwh_sheared_femto_fragment_size_value""]}}"
"make a board with a table including GAL/Partner abbreviation, STS Series, Tissue Voucher ID for Biobanking, and Specimen Needed at Sanger?","{""table"": {""title"": ""random"", ""attributes"": [""sts_gal_abbreviation"", ""sts_series"", ""sts_TISSUE_VOUCHER_ID_FOR_BIOBANKING"", ""calc_specimen_needed_at_sanger_psyche""]}}"
build a board with a table containing Time Tracking and Family,"{""table"": {""title"": ""random"", ""attributes"": [""grit_time_tracking"", ""tolid_family""]}}"
create a dashboard with a table showing Latitude and Post Spri Volume Units,"{""table"": {""title"": ""random"", ""attributes"": [""sts_latitude"", ""mlwh_post_spri_volume_units""]}}"
build a table that contains Post Spri Volume Value,"{""table"": {""title"": ""random"", ""attributes"": [""mlwh_post_spri_volume_value""]}}"
"build a table that contains Date Individual Abandoned, Earliest received date, Sorting Solution Used, and Number of Runs","{""table"": {""title"": ""random"", ""attributes"": [""portaldb_date_abandoned"", ""sts_sample_sts_receive_date_min"", ""sts_SORTING_SOLUTION_USED"", ""mlwh_run_data_count""]}}"
generate a board that has a table showing Requested Taxonomy ID and Genome Status Summary,"{""table"": {""title"": ""random"", ""attributes"": [""tolid_requested_taxonomy_id"", ""informatics_tolid_informatics_status_summary_min""]}}"
make a dashboard that displays BOLD: Species,"{""table"": {""title"": ""random"", ""attributes"": [""bold_species""]}}"
show me a board with a table that includes Priority,"{""table"": {""title"": ""random"", ""attributes"": [""sts_sample_sts_priority_min""]}}"
"generate a board that has a table showing Rack/plate ID, BOLD: Sub-family, and Length Before","{""table"": {""title"": ""random"", ""attributes"": [""sts_rackid"", ""bold_subfamily"", ""grit_length_before""]}}"
"create a dashboard with a table showing Pantheon: Larval Feeding Guild, Bottle Direction, Barcode Hub, and Next Step","{""table"": {""title"": ""random"", ""attributes"": [""bioscan_extra_larval_feeding_guild"", ""sts_BOTTLE_DIRECTION"", ""sts_barcode_hub"", ""benchling_next_step""]}}"
"create a table showing Date of Latest Pacbio Run, Partner: Predicted Scientific Name, and Resolution","{""table"": {""title"": ""random"", ""attributes"": [""mlwh_run_data_mlwh_run_complete_pacbio_max"", ""sts_PREDICTED_SCIENTIFIC_NAME"", ""grit_resolution""]}}"
"build a table that contains Species Mark For Recollection, HiC Building Date, and Ploidy","{""table"": {""title"": ""random"", ""attributes"": [""calc_recollection_needed"", ""grit_hic_building_date"", ""grit_ploidy""]}}"
show me a board with a table that includes Collection Method,"{""table"": {""title"": ""random"", ""attributes"": [""sts_COLLECTION_METHOD""]}}"
make a board with a table including Maximum Sample Priority,"{""table"": {""title"": ""random"", ""attributes"": [""sts_sample_sts_priority_max""]}}"
show me a board with a table that includes Expected Manifest Date,"{""table"": {""title"": ""random"", ""attributes"": [""sts_expected_manifest_date""]}}"
create a dashboard with a table showing Ep Synced Date and Received Date,"{""table"": {""title"": ""random"", ""attributes"": [""sts_ep_synced_date"", ""sts_receive_date""]}}"
"build a table that contains Assigned to Lab, Scientific Name, and Earliest Date Sample Received","{""table"": {""title"": ""random"", ""attributes"": [""sts_sample_benchling_date_assigned_to_lab_min"", ""tolqc_scientific_name"", ""sts_sample_sts_receive_date_min""]}}"
generate a board that has a table showing Total Pacbio Submissions to SciOps and Tag Index,"{""table"": {""title"": ""random"", ""attributes"": [""benchling_pacbio_sequencing_request_count"", ""mlwh_tag_index""]}}"
make a dashboard that displays Yield (C),"{""table"": {""title"": ""random"", ""attributes"": [""tolqc_bases_c""]}}"
"build a board with a table containing Latest Date Sample Assigned To Lab, Shipment Status, and Morphospecies Description","{""table"": {""title"": ""random"", ""attributes"": [""sts_sample_sts_tollab_assign_date_max"", ""sts_shipment_status"", ""sts_MORPHOSPECIES_DESCRIPTION""]}}"
"make a dashboard that displays Position, Earliest Curation Done Date, and Family","{""table"": {""title"": ""random"", ""attributes"": [""tolqc_position"", ""grit_curation_grit_done_date_min"", ""id""]}}"
"make a board with a table including Final Nanodrop 230 Recorded At, Genus, Downstream Protocol, and Tissue Voucher ID for Biobanking","{""table"": {""title"": ""random"", ""attributes"": [""mlwh_final_nano_drop_230_recorded_at"", ""goat_genus_name"", ""benchling_downstream_protocol"", ""sts_TISSUE_VOUCHER_ID_FOR_BIOBANKING""]}}"
"make a board with a table including Existing Library OPLC, COPO ID, iRODS File, and Location Name","{""table"": {""title"": ""random"", ""attributes"": [""calc_existing_library_oplc"", ""sts_copoid"", ""mlwh_irods_file"", ""sts_labwhere_name""]}}"
create a table showing Run Start and 260/280 Ratio,"{""table"": {""title"": ""random"", ""attributes"": [""mlwh_run_start"", ""benchling_dna_260_280_ratio""]}}"
generate a table with Tissue Prep FluidX Tube ID and Genome Size,"{""table"": {""title"": ""random"", ""attributes"": [""mlwh_tissue_prep_fluidx_id"", ""tolqc_genome_size""]}}"
"build a board with a table containing Date of Earliest HiC Run, Extraction ID, Instrument Model, and Date Received at Sanger","{""table"": {""title"": ""random"", ""attributes"": [""mlwh_run_data_mlwh_run_complete_hic_min"", ""benchling_extraction_id"", ""mlwh_instrument_model"", ""benchling_date_sample_received_at_sanger""]}}"
"make a board with a table including Biobanked Tissue Preservative, Country of Collection, Chromosome Number, and GAL/Partner name","{""table"": {""title"": ""random"", ""attributes"": [""sts_BIOBANKED_TISSUE_PRESERVATIVE"", ""sts_COUNTRY_OF_COLLECTION"", ""tolqc_chromosome_number"", ""sts_gal_name""]}}"
create a table showing Sex and Order,"{""table"": {""title"": ""random"", ""attributes"": [""benchling_sex"", ""goat_order_name""]}}"
make a board with a table including Submit Date and Novel?,"{""table"": {""title"": ""random"", ""attributes"": [""sts_submit_date"", ""calc_is_novel""]}}"
show me a board with a table that includes Programme and Assembly Type,"{""table"": {""title"": ""random"", ""attributes"": [""sts_sample_sts_programme_union"", ""grit_assembly_type""]}}"
"create a board with a table that displays Specimen ID, Internal STS species ID, Cancelled Date, and Post SPRI Concentration (ng/ul)","{""table"": {""title"": ""random"", ""attributes"": [""id"", ""sts_species_id"", ""grit_cancelled_date"", ""benchling_post_spri_concentration_ngul""]}}"
generate a table with Maximum  Tissue Prep Weight Remaining and Curator,"{""table"": {""title"": ""random"", ""attributes"": [""benchling_tissue_prep_benchling_weight_mg_max"", ""grit_curator""]}}"
create a board with a table that displays Qubit Concentration Recorded At and Date Received at Sanger,"{""table"": {""title"": ""random"", ""attributes"": [""mlwh_qubit_concentration_ngul_recorded_at"", ""benchling_date_sample_received_at_sanger""]}}"
create a table showing Scaffolds N90 After,"{""table"": {""title"": ""random"", ""attributes"": [""grit_scaffolds_n90_after""]}}"
"build a table that contains Tag 2 Sequence, Ep Synced Date, and Submission Sample ID","{""table"": {""title"": ""random"", ""attributes"": [""tolqc_tag2_sequence"", ""sts_ep_synced_date"", ""benchling_submission_sample_id""]}}"
build a table that contains Proxy Voucher Link,"{""table"": {""title"": ""random"", ""attributes"": [""sts_PROXY_VOUCHER_LINK""]}}"
"create a dashboard with a table showing Novel Date (Legacy), Contigs L50 After, and Final Nanodrop 280 Units","{""table"": {""title"": ""random"", ""attributes"": [""sts_novel_date"", ""grit_contigs_l50_after"", ""mlwh_final_nano_drop_280_units""]}}"
"show me a board with a table that includes Final Nanodrop 230 Recorded At, Partner: Predicted Order, and HiC Juicer File","{""table"": {""title"": ""random"", ""attributes"": [""mlwh_final_nano_drop_230_recorded_at"", ""sts_PREDICTED_ORDER_OR_GROUP"", ""grit_hic_juicer_file""]}}"
"generate a board that has a table showing Chr Ass, Post SPRI Concentration (ng/ul), and Biobanked Tissue Preservative","{""table"": {""title"": ""random"", ""attributes"": [""grit_chr_ass"", ""benchling_post_spri_concentration_ngul"", ""sts_BIOBANKED_TISSUE_PRESERVATIVE""]}}"
generate a table with Maximum DNA Extraction Volume Remaining and COPO Profile Title,"{""table"": {""title"": ""random"", ""attributes"": [""benchling_extraction_benchling_volume_ul_dna_max"", ""sts_copo_profile_title""]}}"
"build a board with a table containing Wildlife and Environment Status, Post SPRI Concentration (ng/ul), Specimen Needed at Sanger?, and Bigwig Coverage File URL","{""table"": {""title"": ""random"", ""attributes"": [""sts_wildlife_and_env_status"", ""benchling_post_spri_concentration_ngul"", ""calc_specimen_needed_at_sanger_psyche"", ""grit_bigwig_coverage_file_url""]}}"
generate a table with Curation Issue ID and Legacy Name,"{""table"": {""title"": ""random"", ""attributes"": [""id"", ""tolid_legacy_name""]}}"
"make a board with a table including Sample Collected, Individual Exhausted?, Submit Date, and Scaffolds L50 Before","{""table"": {""title"": ""random"", ""attributes"": [""goat_sample_collected"", ""calc_individual_exhausted"", ""sts_submit_date"", ""grit_scaffolds_l50_before""]}}"
"create a table showing All Top-Up Required?, Cumulative yield, Earliest Extraction Date, and Number of RNASeq Runs","{""table"": {""title"": ""random"", ""attributes"": [""calc_tolid_calc_topup_required_min"", ""tolqc_run_data_tolqc_bases_sum"", ""benchling_extraction_benchling_completion_date_min"", ""mlwh_run_data_rnaseq_count""]}}"
show me a board with a table that includes Maximum Tissue in Benchling Weight Remaining and Date Extraction Abandoned,"{""table"": {""title"": ""random"", ""attributes"": [""benchling_sample_benchling_remaining_weight_max"", ""portaldb_date_abandoned""]}}"
make a board with a table including Assembly Type,"{""table"": {""title"": ""random"", ""attributes"": [""grit_assembly_type""]}}"
create a dashboard with a table showing Trio Assessment Date,"{""table"": {""title"": ""random"", ""attributes"": [""grit_trio_assessment_date""]}}"
"show me a board with a table that includes Wildlife Compliance Processors, Taxon rank, Productive ZMWS Num, and Maximum Tissue in Benchling Weight Remaining","{""table"": {""title"": ""random"", ""attributes"": [""sts_wildlife_compliance_processors"", ""goat_taxon_rank"", ""mlwh_productive_zmws_num"", ""benchling_sample_benchling_remaining_weight_max""]}}"
"make a dashboard that displays Number of Samples Abandoned in STS, Assembled By, and Latest Curation In Submission Date","{""table"": {""title"": ""random"", ""attributes"": [""calc_sample_abandoned_in_sts_sample_count"", ""grit_assembled_by"", ""grit_curation_grit_in_submission_date_max""]}}"
make a board with a table including Post Spri Concentration,"{""table"": {""title"": ""random"", ""attributes"": [""mlwh_post_spri_concentration_value""]}}"
"show me a board with a table that includes iRODS Path, Bio Safety Overall Status, and Post Spri Volume Value","{""table"": {""title"": ""random"", ""attributes"": [""mlwh_irods_path"", ""sts_bio_safety_overall_status"", ""mlwh_post_spri_volume_value""]}}"
create a dashboard with a table showing Instrument Name and STS Series,"{""table"": {""title"": ""random"", ""attributes"": [""mlwh_instrument_name"", ""sts_series""]}}"
"build a board with a table containing Gather Data Date, Scientific Name, and Sequencing Material Status","{""table"": {""title"": ""random"", ""attributes"": [""grit_gather_data_date"", ""mlwh_scientific_name"", ""sts_sequencing_material_status""]}}"
generate a board that has a table showing Date Genome Note Published and Final Nanodrop 230 Units,"{""table"": {""title"": ""random"", ""attributes"": [""gn_genome_note_gn_date_published_min"", ""mlwh_final_nano_drop_230_units""]}}"
"make a board with a table including Accepted date, Pantheon: Link to Assemblage, and Rack ID","{""table"": {""title"": ""random"", ""attributes"": [""sts_accept_date"", ""bioscan_extra_link_to_assemblage"", ""benchling_rack_id""]}}"
build a board with a table containing Tube ID,"{""table"": {""title"": ""random"", ""attributes"": [""benchling_tube_id""]}}"
generate a board that has a table showing ToLID and Priority,"{""table"": {""title"": ""random"", ""attributes"": [""id"", ""sts_priority""]}}"
"create a table showing All Top-Up Required?, QC Fail Date, and Trio Hyb Assembly Information","{""table"": {""title"": ""random"", ""attributes"": [""calc_tolid_calc_topup_required_min"", ""grit_qc_fail_date"", ""grit_trio_hyb_assembly_information""]}}"
make a board with a table including Scaffolds L90 Before and Latest RNASeq Request,"{""table"": {""title"": ""random"", ""attributes"": [""grit_scaffolds_l90_before"", ""benchling_sequencing_request_benchling_completion_date_rnaseq_max""]}}"
create a dashboard with a table showing Date of Latest Pacbio Run,"{""table"": {""title"": ""random"", ""attributes"": [""mlwh_run_data_mlwh_run_complete_pacbio_max""]}}"
build a board with a table containing Contributers,"{""table"": {""title"": ""random"", ""attributes"": [""sts_CONTRIBUTORS""]}}"
"create a dashboard with a table showing Extraction Date, Latest Sample Collection Date, Yield, and Latest RNASeq Request","{""table"": {""title"": ""random"", ""attributes"": [""benchling_completion_date"", ""sts_sample_sts_col_date_max"", ""tolqc_bases"", ""benchling_sequencing_request_benchling_completion_date_rnaseq_max""]}}"
make a dashboard that displays Earliest Sample Accepted Date and Gather Data Date,"{""table"": {""title"": ""random"", ""attributes"": [""sts_sample_sts_accept_date_min"", ""grit_gather_data_date""]}}"
create a board with a table that displays Legal Status and Scaff Count Per,"{""table"": {""title"": ""random"", ""attributes"": [""sts_legal_status"", ""grit_scaff_count_per""]}}"
create a board with a table that displays Earliest Extraction Date,"{""table"": {""title"": ""random"", ""attributes"": [""benchling_extraction_benchling_completion_date_min""]}}"
"generate a board that has a table showing Tissue Removed for Biobanking, Shearing QC Comments Recorded At, and Rack Barcode","{""table"": {""title"": ""random"", ""attributes"": [""sts_TISSUE_REMOVED_FOR_BIOBANKING"", ""mlwh_shearing_qc_comments_recorded_at"", ""benchling_rack""]}}"
create a dashboard with a table showing Awaiting Data Date and Treeval Data,"{""table"": {""title"": ""random"", ""attributes"": [""grit_awaiting_data_date"", ""grit_treeval_data""]}}"
"create a table showing Product CCS Yield, Latest Date Assigned To Lab, and Number of Tissue Preps","{""table"": {""title"": ""random"", ""attributes"": [""mlwh_product_hifi_read_bases"", ""sts_sample_benchling_date_assigned_to_lab_max"", ""benchling_tissue_prep_count""]}}"
generate a table with Pantheon: Larval Feeding Guild,"{""table"": {""title"": ""random"", ""attributes"": [""bioscan_extra_larval_feeding_guild""]}}"
"create a board with a table that displays Depth, Polymerase Num Reads, Run ID, and Programme","{""table"": {""title"": ""random"", ""attributes"": [""sts_depth"", ""mlwh_polymerase_num_reads"", ""mlwh_run_id"", ""sts_programme""]}}"
build a board with a table containing Study ID,"{""table"": {""title"": ""random"", ""attributes"": [""mlwh_study_id""]}}"
"show me a board with a table that includes QC Fail Date, R&D Sample, RNASeq Submitted Date (Legacy), and RG Status (Non Human) Updated At","{""table"": {""title"": ""random"", ""attributes"": [""grit_qc_fail_date"", ""benchling_rd_sample"", ""sts_rnaseq_submitted_date"", ""sts_rg_status_updated_at_non_human""]}}"
"generate a board that has a table showing Species Epithet, HiC Juicer File, 260/230 Ratio, and Family","{""table"": {""title"": ""random"", ""attributes"": [""calc_species_epithet"", ""grit_hic_juicer_file"", ""benchling_nanodrop_260230"", ""tolid_family""]}}"
"create a dashboard with a table showing Sequencing Material Status, Tissue Prep Type, Insert Length N50, and Hifi Num Reads","{""table"": {""title"": ""random"", ""attributes"": [""sts_sequencing_material_status"", ""benchling_tissue_prep_type"", ""mlwh_insert_length_n50"", ""mlwh_hifi_num_reads""]}}"
create a table showing Treeval,"{""table"": {""title"": ""random"", ""attributes"": [""grit_treeval""]}}"
"make a dashboard that displays Sequencing State, Bio Safety Overall Status Updated At, and Sorting Solution Used","{""table"": {""title"": ""random"", ""attributes"": [""mlwh_qc_seq_state"", ""sts_bio_safety_overall_status_updated_at"", ""sts_SORTING_SOLUTION_USED""]}}"
"create a board with a table that displays Top-Up Required?, Manual Haplotig Removals, Gather Data Date, and Pantheon: Vernacular","{""table"": {""title"": ""random"", ""attributes"": [""calc_topup_required"", ""grit_manual_haplotig_removals"", ""grit_gather_data_date"", ""bioscan_extra_vernacular""]}}"
"show me a board with a table that includes STS Origin Rackid, Sequencing Material Status, and Contigs N50 Change Per","{""table"": {""title"": ""random"", ""attributes"": [""sts_origin_rackid"", ""sts_sequencing_material_status"", ""grit_contigs_n50_change_per""]}}"
create a table showing Number of RNASeq Runs and Polymerase Read Length Mean,"{""table"": {""title"": ""random"", ""attributes"": [""mlwh_run_data_rnaseq_count"", ""mlwh_polymerase_read_length_mean""]}}"
generate a table with Date Tissue Prep Abandoned,"{""table"": {""title"": ""random"", ""attributes"": [""portaldb_date_abandoned""]}}"
generate a board that has a table showing Latest HiC Run,"{""table"": {""title"": ""random"", ""attributes"": [""mlwh_run_data_mlwh_run_complete_hic_max""]}}"
create a board with a table that displays (At least) One Individual Exhausted?,"{""table"": {""title"": ""random"", ""attributes"": [""calc_tolid_calc_individual_exhausted_max""]}}"
"generate a table with Date Assigned to Lab, Shipment Status, and Higlass Entry","{""table"": {""title"": ""random"", ""attributes"": [""benchling_date_assigned_to_lab"", ""sts_shipment_status"", ""grit_higlass_entry""]}}"
"create a board with a table that displays Lowest Genome Status Summary of ToLIDs, Yield, and Accession Number","{""table"": {""title"": ""random"", ""attributes"": [""informatics_tolid_informatics_status_summary_max"", ""tolqc_bases"", ""mlwh_accession_number""]}}"
make a board with a table including Maximum Tissue in Benchling Weight Remaining and Position in Rack,"{""table"": {""title"": ""random"", ""attributes"": [""benchling_sample_benchling_remaining_weight_max"", ""sts_pos_in_rack""]}}"
build a board with a table containing DNA Depleted?,"{""table"": {""title"": ""random"", ""attributes"": [""sts_dna_depleted""]}}"
"build a table that contains All Individual Exhausted?, Contamination, and Sheared Femto Fragment Size (bp)","{""table"": {""title"": ""random"", ""attributes"": [""calc_tolid_calc_individual_exhausted_min"", ""grit_contamination"", ""benchling_sheared_femto_fragment_size_bp""]}}"
create a board with a table that displays STS Submission API Sync Time and Data Copied,"{""table"": {""title"": ""random"", ""attributes"": [""sts_submission_api_sync_time"", ""grit_data_copied""]}}"
create a board with a table that displays GQN Value,"{""table"": {""title"": ""random"", ""attributes"": [""mlwh_gqn_dnaex_value""]}}"
generate a table with Scaffolds N90 After,"{""table"": {""title"": ""random"", ""attributes"": [""grit_scaffolds_n90_after""]}}"
"make a dashboard that displays Post Spri Concentration, Hap2 Gfastats, and Sheared Femto Fragment Size","{""table"": {""title"": ""random"", ""attributes"": [""mlwh_post_spri_concentration_value"", ""grit_hap2_gfastats"", ""mlwh_sheared_femto_fragment_size_value""]}}"
make a dashboard that displays Longitude Start and Date Assigned to Lab,"{""table"": {""title"": ""random"", ""attributes"": [""sts_LONGITUDE_START"", ""benchling_date_assigned_to_lab""]}}"
generate a board that has a table showing Priority,"{""table"": {""title"": ""random"", ""attributes"": [""grit_priority""]}}"
"make a dashboard that displays Barcoding Status, P0 Number, Biospecimen ID, and Project","{""table"": {""title"": ""random"", ""attributes"": [""sts_BARCODING_STATUS"", ""mlwh_p0_num"", ""calc_biospecimen_id"", ""sts_project""]}}"
"make a dashboard that displays Priority, Tissue Size, N50, and Lustre Path Analysis Base","{""table"": {""title"": ""random"", ""attributes"": [""benchling_priority"", ""sts_tissue_size"", ""tolqc_read_length_n50"", ""gap_lustre_path_analysis_base""]}}"
make a dashboard that displays Number of HiC Sequencing Requests,"{""table"": {""title"": ""random"", ""attributes"": [""benchling_sequencing_request_hic_count""]}}"
"create a table showing Pantheon: Broad Biotope, Specimen ID, Metadata Files, and Earliest Sample Accept Date","{""table"": {""title"": ""random"", ""attributes"": [""bioscan_extra_broad_biotope_habitat_resources"", ""id"", ""grit_metadata_files"", ""sts_sample_sts_accept_date_min""]}}"
make a dashboard that displays Created At,"{""table"": {""title"": ""random"", ""attributes"": [""tolid_created_at""]}}"
build a board with a table containing iRODS File,"{""table"": {""title"": ""random"", ""attributes"": [""mlwh_irods_file""]}}"
build a table that contains Family and Tissue Removed for Biobanking,"{""table"": {""title"": ""random"", ""attributes"": [""id"", ""sts_TISSUE_REMOVED_FOR_BIOBANKING""]}}"
"show me a board with a table that includes Curator, Date Species Marked For Recollection, Sample Prep Date, and Contigs N90 After","{""table"": {""title"": ""random"", ""attributes"": [""grit_curator"", ""portaldb_date_marked_for_recollection"", ""benchling_sampleprep_date"", ""grit_contigs_n90_after""]}}"
"generate a table with Polymerase Num Reads, What3Words, Original volume, and Chr Ass","{""table"": {""title"": ""random"", ""attributes"": [""mlwh_polymerase_num_reads"", ""sts_WHAT_3_WORDS"", ""mlwh_original_volume"", ""grit_chr_ass""]}}"
"build a board with a table containing Maximum Tissue in Benchling Weight Remaining, Hifi Low Quality Read Bases, and Bio-safety Status","{""table"": {""title"": ""random"", ""attributes"": [""benchling_sample_benchling_remaining_weight_max"", ""mlwh_hifi_low_quality_read_bases"", ""sts_bio_safety_status""]}}"
make a board with a table including Image Caption and Progress,"{""table"": {""title"": ""random"", ""attributes"": [""gap_image_caption"", ""grit_progress""]}}"
generate a board that has a table showing BOLD: Kingdom and Earliest Curation Date,"{""table"": {""title"": ""random"", ""attributes"": [""bold_kingdom"", ""grit_curation_grit_done_date_min""]}}"
"generate a board that has a table showing Rank, LIMS Run ID, and Hifi Low Quality Num Reads","{""table"": {""title"": ""random"", ""attributes"": [""grit_rank"", ""mlwh_lims_run_id"", ""mlwh_hifi_low_quality_num_reads""]}}"
"build a table that contains Earliest PacBio Request, RNA Yield (ng), Biobanked Tissue Preservative, and Manual Joins","{""table"": {""title"": ""random"", ""attributes"": [""benchling_sequencing_request_benchling_completion_date_pacbio_min"", ""benchling_rna_yield"", ""sts_BIOBANKED_TISSUE_PRESERVATIVE"", ""grit_manual_joins""]}}"
make a board with a table including Release To and Sample Set ID,"{""table"": {""title"": ""random"", ""attributes"": [""grit_release_to:"", ""benchling_sample_set_id""]}}"
"build a table that contains Biospecimen ID (symbionts only), Gfastats, Partner: Predicted Genus, and Library ID","{""table"": {""title"": ""random"", ""attributes"": [""sts_sample_symbiont_of"", ""grit_gfastats"", ""sts_PREDICTED_GENUS"", ""mlwh_library_id""]}}"
"create a dashboard with a table showing Earliest Curation Done Date, Femto Date Code, and Minimum Informatics Status","{""table"": {""title"": ""random"", ""attributes"": [""grit_curation_grit_done_date_min"", ""benchling_femto_date_code"", ""informatics_species_informatics_tolid_informatics_status_summary_min_min""]}}"
create a board with a table that displays Passed Peer Review?,"{""table"": {""title"": ""random"", ""attributes"": [""gn_passed_pr""]}}"
build a board with a table containing 260/280 Ratio,"{""table"": {""title"": ""random"", ""attributes"": [""benchling_nanodrop_260280""]}}"
"create a board with a table that displays Species name, LIMS QC, Study ID, and Project(s)","{""table"": {""title"": ""random"", ""attributes"": [""goat_species_name"", ""mlwh_lims_qc"", ""mlwh_study_id"", ""sts_sample_sts_project_union""]}}"
make a board with a table including Programme and N50 Before,"{""table"": {""title"": ""random"", ""attributes"": [""sts_programme"", ""grit_n50_before""]}}"
generate a board that has a table showing STS Inactivation Approved  and Manifest ID,"{""table"": {""title"": ""random"", ""attributes"": [""sts_inactivation_approved"", ""sts_manifest_id""]}}"
build a table that contains Analysis ID and Scaffolds N50 Before,"{""table"": {""title"": ""random"", ""attributes"": [""id"", ""grit_scaffolds_n50_before""]}}"
"create a dashboard with a table showing Earliest Sample Collection Date, Ep Synced Errors, Family, and Issue Type","{""table"": {""title"": ""random"", ""attributes"": [""sts_sample_sts_col_date_min"", ""sts_ep_synced_errors"", ""tolid_family"", ""grit_issue_type""]}}"
"generate a table with Assigned to Lab Date, Specimen Count, and Top-Up Actionable","{""table"": {""title"": ""random"", ""attributes"": [""sts_assigned_to_lab_date"", ""tolid_tolid_count"", ""calc_tolid_actionable""]}}"
"generate a table with Shearing QC Comments Value, 260/280 Ratio Units, and Trio Assessment Date","{""table"": {""title"": ""random"", ""attributes"": [""mlwh_shearing_qc_comments_value"", ""mlwh_260_280_ratio_units"", ""grit_trio_assessment_date""]}}"
generate a table with Wildlife and Environment Status Updated At,"{""table"": {""title"": ""random"", ""attributes"": [""sts_wildlife_status_updated_at""]}}"
"generate a board that has a table showing Family, B&T ID, Coverage (post-run), and Preservation Approach","{""table"": {""title"": ""random"", ""attributes"": [""id"", ""benchling_bnt_id"", ""calc_coverage_post_run"", ""sts_preservation_approach""]}}"
show me a board with a table that includes Number of samples in STS and ToLID Prefix,"{""table"": {""title"": ""random"", ""attributes"": [""sts_sample_count"", ""sts_prefix""]}}"
"make a board with a table including Yaml, Earliest submitted date, Run Complete, and Extraction Date","{""table"": {""title"": ""random"", ""attributes"": [""grit_yaml"", ""sts_sample_sts_submit_date_min"", ""mlwh_run_complete"", ""benchling_completion_date""]}}"
"generate a board that has a table showing Submission Date, Assemblies Assessment, and BOLD: Order","{""table"": {""title"": ""random"", ""attributes"": [""grit_submission_date"", ""grit_assemblies_assessment"", ""bold_order""]}}"
generate a table with Number of PacBio Runs and Biospecimen ID (part-organisms only),"{""table"": {""title"": ""random"", ""attributes"": [""mlwh_run_data_pacbio_count"", ""sts_biospecimen_accession""]}}"
"make a board with a table including Species Name, Hybrid Assembly Date, Contigs N50 Change Per, and Description","{""table"": {""title"": ""random"", ""attributes"": [""grit_species_name"", ""grit_hybrid_assembly_date"", ""grit_contigs_n50_change_per"", ""sts_desc""]}}"
"create a board with a table that displays Spectrophotometer Concentration (ng/ul), Insert Length Mean, and Sample ID","{""table"": {""title"": ""random"", ""attributes"": [""mlwh_nanodrop_concentration_ngul_value"", ""mlwh_insert_length_mean"", ""id""]}}"
make a dashboard that displays Gfastats and (At least) One Individual Exhausted?,"{""table"": {""title"": ""random"", ""attributes"": [""grit_gfastats"", ""calc_tolid_calc_individual_exhausted_max""]}}"
"generate a table with Earliest Curation In Submission Date, Project, and Curator QC","{""table"": {""title"": ""random"", ""attributes"": [""grit_curation_grit_open_date_min"", ""grit_project"", ""grit_curator_qc""]}}"
"create a dashboard with a table showing Habitat, Spectrophotometer Concentration (ng/ul), and Latest Curation Created Date","{""table"": {""title"": ""random"", ""attributes"": [""sts_habitat"", ""mlwh_nanodrop_concentration_ngul_value"", ""grit_curation_grit_created_max""]}}"
"create a board with a table that displays Submission Sample ID, Tissue Exported Date STS to Benchling, and 260/230 Ratio","{""table"": {""title"": ""random"", ""attributes"": [""benchling_submission_sample_id"", ""sts_eln_updated_at"", ""benchling_nanodrop_260230""]}}"
"build a table that contains Contributers, Curated Autosomes, and STS Voucherid","{""table"": {""title"": ""random"", ""attributes"": [""sts_CONTRIBUTORS"", ""grit_curated_autosomes"", ""sts_voucherid""]}}"
"create a board with a table that displays Final Nanodrop 230 Units, Latest Sample Submitted Date, and Earliest HiC Request","{""table"": {""title"": ""random"", ""attributes"": [""mlwh_final_nano_drop_230_units"", ""sts_sample_sts_submit_date_max"", ""benchling_sequencing_request_benchling_completion_date_hic_min""]}}"
create a table showing Chromosome Naming,"{""table"": {""title"": ""random"", ""attributes"": [""grit_chromsome_naming""]}}"
generate a board that has a table showing Shipment Status,"{""table"": {""title"": ""random"", ""attributes"": [""sts_shipment_status""]}}"
"make a board with a table including Ep Synced Errors, Number of Curation Requests, HiC Kit, and Number of sequencing runs","{""table"": {""title"": ""random"", ""attributes"": [""sts_ep_synced_errors"", ""grit_curation_count"", ""grit_hic_kit"", ""mlwh_run_data_count""]}}"
create a dashboard with a table showing Priority and Species Name,"{""table"": {""title"": ""random"", ""attributes"": [""sts_sample_sts_priority_min"", ""gn_species_name""]}}"
generate a table with Scientific Name and Kingdom,"{""table"": {""title"": ""random"", ""attributes"": [""tolqc_scientific_name"", ""tolid_kingdom""]}}"
"create a table showing Retention Instructions, Biobanked Tissue Preservative, 260/230 Ratio, and Common Name","{""table"": {""title"": ""random"", ""attributes"": [""benchling_retention_instructions"", ""sts_BIOBANKED_TISSUE_PRESERVATIVE"", ""benchling_nanodrop_260230"", ""goat_common_name""]}}"
"show me a board with a table that includes BOLD: Sub-family, 260/230 Ratio, BOLD:BIN, and Bionano Index File Location","{""table"": {""title"": ""random"", ""attributes"": [""bold_subfamily"", ""benchling_dna_260_230_ratio"", ""bold_bin_uri"", ""grit_bionano_index_file_location""]}}"
"generate a table with Number of Extractions, Scaffolds Total Change Per, Earliest Received date, and Run","{""table"": {""title"": ""random"", ""attributes"": [""benchling_extraction_count"", ""grit_scaffolds_total_change_per"", ""sts_sample_sts_receive_date_min"", ""tolqc_run""]}}"
"create a board with a table that displays Longitude, Instrument Model, Latitude End, and Source Extractions ID","{""table"": {""title"": ""random"", ""attributes"": [""sts_longitude"", ""tolqc_instrument_model"", ""sts_LATITUDE_END"", ""benchling_source_extractions_id""]}}"
"create a board with a table that displays Length After, BOLD Accession Number, Earliest Curation Date, and Bigwig Coverage File URL","{""table"": {""title"": ""random"", ""attributes"": [""grit_length_after"", ""sts_BOLD_ACCESSION_NUMBER"", ""grit_curation_grit_done_date_min"", ""grit_bigwig_coverage_file_url""]}}"
build a board with a table containing Metadata Files,"{""table"": {""title"": ""random"", ""attributes"": [""grit_metadata_files""]}}"
make a dashboard that displays Earliest Date Sample Assigned To Lab,"{""table"": {""title"": ""random"", ""attributes"": [""sts_sample_benchling_date_assigned_to_lab_min""]}}"
build a table that contains Nagoya Permits Def,"{""table"": {""title"": ""random"", ""attributes"": [""sts_NAGOYA_PERMITS_DEF""]}}"
show me a board with a table that includes Species Epithet and Date Tissue Prep Abandoned,"{""table"": {""title"": ""random"", ""attributes"": [""calc_species_epithet"", ""portaldb_date_abandoned""]}}"
"create a table showing STS Risk Assessment, Novel?, Sampleset ID (STS Internal ID), and Earliest Curation Date","{""table"": {""title"": ""random"", ""attributes"": [""sts_risk_assessment"", ""calc_is_novel"", ""sts_sampleset_id"", ""grit_curation_grit_done_date_min""]}}"
build a table that contains Family,"{""table"": {""title"": ""random"", ""attributes"": [""tolqc_family""]}}"
"generate a board that has a table showing Hifi Bases in Barcoded Reads, Geval QC Audit Completion, and Programme","{""table"": {""title"": ""random"", ""attributes"": [""mlwh_hifi_bases_in_barcoded_reads"", ""grit_geval_qcaudit_completion"", ""sts_sample_sts_programme_union""]}}"
create a board with a table that displays Released to Lab and Other Info,"{""table"": {""title"": ""random"", ""attributes"": [""sts_released_to_lab"", ""sts_other_info""]}}"
make a board with a table including Earliest received date,"{""table"": {""title"": ""random"", ""attributes"": [""sts_sample_sts_receive_date_min""]}}"
"generate a table with Assignee Name, Plex Count, and Post-run genome size","{""table"": {""title"": ""random"", ""attributes"": [""grit_assignee_name"", ""mlwh_plex_count"", ""sts_estimated_genome_size""]}}"
"generate a table with Gfastats, Specimen Needed at Sanger?, and STS Inactivation Approved ","{""table"": {""title"": ""random"", ""attributes"": [""grit_gfastats"", ""calc_specimen_needed_at_sanger_psyche"", ""sts_inactivation_approved""]}}"
create a table showing Priority,"{""table"": {""title"": ""random"", ""attributes"": [""grit_priority""]}}"
show me a board with a table that includes Binding Kit,"{""table"": {""title"": ""random"", ""attributes"": [""mlwh_binding_kit""]}}"
"generate a board that has a table showing On Hold Date, Plate Labware UUID, and Nanodrop Concentration (ng/ul)","{""table"": {""title"": ""random"", ""attributes"": [""grit_on_hold_date"", ""portaldb_plate_labware_uuid"", ""benchling_nanodrop_concentration_ngul""]}}"
create a table showing Open Date,"{""table"": {""title"": ""random"", ""attributes"": [""grit_open_date""]}}"
build a table that contains STS Rg Action Required and Bplate Pre,"{""table"": {""title"": ""random"", ""attributes"": [""sts_rg_action_required"", ""sts_bplate_pre""]}}"
"build a table that contains CC5 Output Includes Kinetic Information, Fluidx ID, Short Insert Percent, and Date of Earliest RNASeq Run","{""table"": {""title"": ""random"", ""attributes"": [""benchling_cc5_output_includes_kinetics_information"", ""benchling_tissue_prep_fluidx_id"", ""mlwh_short_insert_percent"", ""mlwh_run_data_mlwh_run_complete_rnaseq_min""]}}"
build a table that contains Scaff Count After,"{""table"": {""title"": ""random"", ""attributes"": [""grit_scaff_count_after""]}}"
create a dashboard with a table showing Earliest Curation Open Date and Earliest Submitted date,"{""table"": {""title"": ""random"", ""attributes"": [""grit_curation_grit_open_date_min"", ""sts_sample_sts_submit_date_min""]}}"
"make a dashboard that displays Summary, Geval QC Date, and Common Name","{""table"": {""title"": ""random"", ""attributes"": [""grit_summary"", ""grit_geval_qc_date"", ""tolqc_common_name""]}}"
build a table that contains Number of extractions and Number of Samples Exported to Benchling,"{""table"": {""title"": ""random"", ""attributes"": [""benchling_extraction_count"", ""benchling_sample_count""]}}"
create a table showing Number of Extractions,"{""table"": {""title"": ""random"", ""attributes"": [""benchling_extraction_count""]}}"
make a dashboard that displays Latest Extraction Date and Date Genome Note Published,"{""table"": {""title"": ""random"", ""attributes"": [""benchling_extraction_benchling_completion_date_max"", ""gn_genome_note_gn_date_published_min""]}}"
"make a dashboard that displays Library Type, GoaT Assembly Level, Sex, and Longitude End","{""table"": {""title"": ""random"", ""attributes"": [""benchling_library_type"", ""goat_assembly_level"", ""benchling_sex"", ""sts_LONGITUDE_END""]}}"
"build a table that contains Latest Date Assigned to Lab, Earliest HiC Request, and Number of curations","{""table"": {""title"": ""random"", ""attributes"": [""sts_sample_sts_tollab_assign_date_max"", ""benchling_sequencing_request_benchling_completion_date_hic_min"", ""grit_curation_count""]}}"
"build a table that contains Number of sequencing runs, Geval Loading Date, and Cumulative yield","{""table"": {""title"": ""random"", ""attributes"": [""mlwh_run_data_count"", ""grit_geval_loading_date"", ""tolqc_run_data_tolqc_bases_sum""]}}"
"make a board with a table including Biobanked Tissue Preservative, Maximum  Tissue Prep Weight Remaining, and Purged Haplotig Fasta File","{""table"": {""title"": ""random"", ""attributes"": [""sts_BIOBANKED_TISSUE_PRESERVATIVE"", ""benchling_tissue_prep_benchling_weight_mg_max"", ""grit_purged_haplotig_fasta_file""]}}"
generate a table with Latest Date Sample Assigned To Lab,"{""table"": {""title"": ""random"", ""attributes"": [""sts_sample_sts_tollab_assign_date_max""]}}"
generate a table with Latest Received date,"{""table"": {""title"": ""random"", ""attributes"": [""sts_sample_sts_receive_date_max""]}}"
"create a board with a table that displays STS Triage Applied, Biospecimen ID, and Novel Date (Legacy)","{""table"": {""title"": ""random"", ""attributes"": [""sts_triage_applied"", ""tolqc_biospecimen_id"", ""sts_novel_date""]}}"
make a dashboard that displays Priority and Maternal Contamination File,"{""table"": {""title"": ""random"", ""attributes"": [""sts_sample_sts_priority_min"", ""grit_maternal_contamination_file""]}}"
make a board with a table including Earliest PacBio Run,"{""table"": {""title"": ""random"", ""attributes"": [""mlwh_run_data_mlwh_run_complete_pacbio_min""]}}"
build a board with a table containing DNA Yield (ng),"{""table"": {""title"": ""random"", ""attributes"": [""mlwh_yield_value""]}}"
"create a board with a table that displays Haploid Number, Sanger Sample Ref, and Turnaround Time (days)","{""table"": {""title"": ""random"", ""attributes"": [""goat_haploid_number"", ""id"", ""calc_tat_days""]}}"
make a dashboard that displays Date Sample Abandoned and Post Spri Concentration Units,"{""table"": {""title"": ""random"", ""attributes"": [""portaldb_date_abandoned"", ""mlwh_post_spri_concentration_units""]}}"
create a board with a table that displays Earliest Run Complete,"{""table"": {""title"": ""random"", ""attributes"": [""mlwh_run_data_mlwh_run_complete_min""]}}"
generate a board that has a table showing Bplateid and Voucher Link,"{""table"": {""title"": ""random"", ""attributes"": [""sts_bplateid"", ""sts_VOUCHER_LINK""]}}"
"build a table that contains Wildlife Compliance Processors, RNA Depleted?, STS Updated At, and Programme","{""table"": {""title"": ""random"", ""attributes"": [""sts_wildlife_compliance_processors"", ""sts_rna_depleted"", ""sts_updated_at"", ""sts_programme""]}}"
"make a board with a table including Released To, Catch Bottle Temperature Storage, and Hyb Assembly File","{""table"": {""title"": ""random"", ""attributes"": [""grit_released_to"", ""sts_CATCH_BOTTLE_TEMPERATURE_STORAGE"", ""grit_hyb_assembly_file""]}}"
"generate a board that has a table showing Bottle Direction, Paternal Contamination File, Lustre Path Analysis Base, and Resolution Reason","{""table"": {""title"": ""random"", ""attributes"": [""sts_BOTTLE_DIRECTION"", ""grit_paternal_contamination_file"", ""gap_lustre_path_analysis_base"", ""grit_resolution_reason""]}}"
generate a board that has a table showing RNA Extracted Date (Legacy) and Scaff Count Before,"{""table"": {""title"": ""random"", ""attributes"": [""sts_rna_extracted_date"", ""grit_scaff_count_before""]}}"
"create a dashboard with a table showing Habreg2017, Number of Samples, Sanger QC Description, and Number of Individuals Exhausted","{""table"": {""title"": ""random"", ""attributes"": [""goat_habreg_2017"", ""sts_sample_count"", ""bioscan_qc_sanger_qc_description"", ""calc_individual_exhausted_tolid_count""]}}"
build a table that contains Final Nanodrop 230,"{""table"": {""title"": ""random"", ""attributes"": [""mlwh_final_nano_drop_230_value""]}}"
build a board with a table containing RNA QC Result and Sample ID,"{""table"": {""title"": ""random"", ""attributes"": [""benchling_rna_qc_passfail"", ""id""]}}"
generate a board that has a table showing All Individual Exhausted?,"{""table"": {""title"": ""random"", ""attributes"": [""calc_tolid_calc_individual_exhausted_min""]}}"
"make a board with a table including Earliest HiC Run, Curation started, Haploid Number, and Summary","{""table"": {""title"": ""random"", ""attributes"": [""mlwh_run_data_mlwh_run_complete_hic_min"", ""grit_curation_grit_created_min"", ""goat_haploid_number"", ""grit_summary""]}}"
"build a table that contains Legal Reference, Tax Order, STS Voucherid, and WACA 1981","{""table"": {""title"": ""random"", ""attributes"": [""sts_legal_reference"", ""tolid_tax_order"", ""sts_voucherid"", ""goat_waca_1981""]}}"
generate a table with Scaffolds Total Before and Longitude End,"{""table"": {""title"": ""random"", ""attributes"": [""grit_scaffolds_total_before"", ""sts_LONGITUDE_END""]}}"
show me a board with a table that includes Post Spri Volume Units,"{""table"": {""title"": ""random"", ""attributes"": [""mlwh_post_spri_volume_units""]}}"
build a table that contains Voucher Link,"{""table"": {""title"": ""random"", ""attributes"": [""sts_VOUCHER_LINK""]}}"
create a table showing Run,"{""table"": {""title"": ""random"", ""attributes"": [""tolqc_run""]}}"
show me a board with a table that includes Latest Date Sample Received,"{""table"": {""title"": ""random"", ""attributes"": [""sts_sample_sts_receive_date_max""]}}"
"create a dashboard with a table showing BOLD: Family, Number of Samples In Benchling, Plate Temperature Storage, and Country of Collection","{""table"": {""title"": ""random"", ""attributes"": [""bold_family"", ""benchling_sample_count"", ""sts_PLATE_TEMPERATURE_STORAGE"", ""sts_COUNTRY_OF_COLLECTION""]}}"
build a board with a table containing Sorting Solution Used and Date of Earliest RNASeq Run,"{""table"": {""title"": ""random"", ""attributes"": [""sts_SORTING_SOLUTION_USED"", ""mlwh_run_data_mlwh_run_complete_rnaseq_min""]}}"
make a dashboard that displays Status,"{""table"": {""title"": ""random"", ""attributes"": [""sts_status""]}}"
make a dashboard that displays Scientific name,"{""table"": {""title"": ""random"", ""attributes"": [""goat_scientific_name""]}}"
"create a dashboard with a table showing Kingdom, ELN File Registry, Submission Note, and Reopened Date","{""table"": {""title"": ""random"", ""attributes"": [""tolid_kingdom"", ""benchling_eln_file_registry"", ""grit_submission_note"", ""grit_reopened_date""]}}"
generate a board that has a table showing Curation Issue ID and Barcoding Status,"{""table"": {""title"": ""random"", ""attributes"": [""id"", ""sts_BARCODING_STATUS""]}}"
"build a table that contains Tissue Name, Short Insert Percent, Sample Prep Date, and Released to Lab","{""table"": {""title"": ""random"", ""attributes"": [""benchling_eln_tissue_name"", ""mlwh_short_insert_percent"", ""benchling_sampleprep_date"", ""sts_released_to_lab""]}}"
"create a dashboard with a table showing Loading Concentration, Earliest Extraction Date, Number of curations, and Done Date","{""table"": {""title"": ""random"", ""attributes"": [""mlwh_loading_conc"", ""benchling_extraction_benchling_completion_date_min"", ""grit_curation_count"", ""grit_done_date""]}}"
show me a board with a table that includes Tube ID and Instrument Model,"{""table"": {""title"": ""random"", ""attributes"": [""benchling_tube_id"", ""tolqc_instrument_model""]}}"
"make a board with a table including Date of Earliest HiC Run, Haplotype, Turnaround Time (days), and Scaffolds N50 Change Per","{""table"": {""title"": ""random"", ""attributes"": [""mlwh_run_data_mlwh_run_complete_hic_min"", ""grit_haplotype"", ""calc_tat_days"", ""grit_scaffolds_n50_change_per""]}}"
"generate a table with Date Extraction Abandoned, Loading Concentration, and RNA Extracted Date (Legacy)","{""table"": {""title"": ""random"", ""attributes"": [""portaldb_date_abandoned"", ""mlwh_loading_conc"", ""sts_rna_extracted_date""]}}"
"show me a board with a table that includes Scientific name, Cumulative yield, Latest Date Genome Note Published, and Final Nanodrop 230 Recorded At","{""table"": {""title"": ""random"", ""attributes"": [""goat_scientific_name"", ""tolqc_run_data_tolqc_bases_sum"", ""gn_genome_note_gn_date_published_max"", ""mlwh_final_nano_drop_230_recorded_at""]}}"
make a board with a table including Datatype Available and Number of Smrt Cells Required,"{""table"": {""title"": ""random"", ""attributes"": [""grit_datatype_available"", ""benchling_number_of_smrt_cells_required""]}}"
"make a dashboard that displays Collection locality, Tissue Prep Name, and Scaffolds Total Before","{""table"": {""title"": ""random"", ""attributes"": [""sts_collection_locality"", ""benchling_eln_tissue_prep_name"", ""grit_scaffolds_total_before""]}}"
"build a board with a table containing Geval Loading Date, Qubit Concentration Recorded At, and Tissue Prep FluidX Tube ID","{""table"": {""title"": ""random"", ""attributes"": [""grit_geval_loading_date"", ""mlwh_qubit_concentration_ngul_recorded_at"", ""mlwh_tissue_prep_fluidx_id""]}}"
"create a table showing Date of Earliest Run, Tissue Prep ID, Taxon rank, and Chr Ass","{""table"": {""title"": ""random"", ""attributes"": [""mlwh_run_data_mlwh_run_complete_min"", ""id"", ""goat_taxon_rank"", ""grit_chr_ass""]}}"
"generate a board that has a table showing Programme(s), DNA Yield (ng), and QC Fail Date","{""table"": {""title"": ""random"", ""attributes"": [""sts_sample_sts_programme_union"", ""mlwh_yield_value"", ""grit_qc_fail_date""]}}"
make a dashboard that displays Higlass Entry and Preservative Solution,"{""table"": {""title"": ""random"", ""attributes"": [""grit_higlass_entry"", ""sts_preservative_solution""]}}"
create a dashboard with a table showing LIMS QC,"{""table"": {""title"": ""random"", ""attributes"": [""mlwh_lims_qc""]}}"
"create a table showing Gfastats, Number of Samples In Benchling, Wildlife Compliance Processors, and Sanger QC Description","{""table"": {""title"": ""random"", ""attributes"": [""grit_gfastats"", ""benchling_sample_count"", ""sts_wildlife_compliance_processors"", ""bioscan_qc_sanger_qc_description""]}}"
generate a board that has a table showing Shearing QC Comments Recorded At and SM Processors,"{""table"": {""title"": ""random"", ""attributes"": [""mlwh_shearing_qc_comments_recorded_at"", ""sts_managers""]}}"
create a board with a table that displays Orientation and Volume units,"{""table"": {""title"": ""random"", ""attributes"": [""grit_orientation"", ""mlwh_volume_si_units""]}}"
build a table that contains Scaffolds Count After,"{""table"": {""title"": ""random"", ""attributes"": [""grit_scaffolds_count_after""]}}"
"create a dashboard with a table showing Scaffolds Total Change Per, Spectophotometer Concentration (ng/ul) Recorded At, and Contigs N50 Change Per","{""table"": {""title"": ""random"", ""attributes"": [""grit_scaffolds_total_change_per"", ""mlwh_nanodrop_concentration_ngul_recorded_at"", ""grit_contigs_n50_change_per""]}}"
"make a board with a table including Expected Karyotype, Ethics Permits Def, and Benchling Tissue Remaining Weight","{""table"": {""title"": ""random"", ""attributes"": [""grit_expected_karyotype"", ""sts_ETHICS_PERMITS_DEF"", ""benchling_remaining_weight""]}}"
create a dashboard with a table showing FluidX ID and Earliest Curation In Submission Date,"{""table"": {""title"": ""random"", ""attributes"": [""benchling_tissue_fluidx_id"", ""grit_curation_grit_in_submission_date_min""]}}"
build a table that contains Tissue Voucher ID for Biobanking,"{""table"": {""title"": ""random"", ""attributes"": [""sts_TISSUE_VOUCHER_ID_FOR_BIOBANKING""]}}"
"create a dashboard with a table showing Contigs L90 After, iRODS Path, and Number of RNASeq Sequencing Requests","{""table"": {""title"": ""random"", ""attributes"": [""grit_contigs_l90_after"", ""mlwh_irods_path"", ""benchling_sequencing_request_rnaseq_count""]}}"
"make a board with a table including Sanger QC Result, Number of HiC Runs, and Kingdom","{""table"": {""title"": ""random"", ""attributes"": [""bioscan_qc_sanger_qc_result"", ""mlwh_run_data_hic_count"", ""tolid_kingdom""]}}"
create a table showing Number of WGS Sequencing Requests,"{""table"": {""title"": ""random"", ""attributes"": [""benchling_sequencing_request_wgs_count""]}}"
make a board with a table including BOLD Accession and 260/230 Ratio Recorded At,"{""table"": {""title"": ""random"", ""attributes"": [""sts_bold_accession"", ""mlwh_260_230_ratio_recorded_at""]}}"
create a board with a table that displays Accession Number,"{""table"": {""title"": ""random"", ""attributes"": [""mlwh_accession_number""]}}"
"make a board with a table including Hifi Read Length Mean, Maximum Library Volume Remaining, and Summary","{""table"": {""title"": ""random"", ""attributes"": [""mlwh_hifi_read_length_mean"", ""mlwh_sequencing_request_mlwh_volume_remaining_max"", ""grit_summary""]}}"
"generate a table with Cumulative yield, Contigs N50 Change Per, Hub name, and STS Shipment Note","{""table"": {""title"": ""random"", ""attributes"": [""tolqc_run_data_tolqc_bases_sum"", ""grit_contigs_n50_change_per"", ""sts_sample_sts_gal_name_union"", ""sts_shipment_note""]}}"
generate a board that has a table showing Cumulative yield,"{""table"": {""title"": ""random"", ""attributes"": [""tolqc_run_data_tolqc_bases_sum""]}}"
"build a table that contains Scaffolds N50 After, Date of Latest Pacbio Run, Collection Method, and GAL/Partner abbreviation","{""table"": {""title"": ""random"", ""attributes"": [""grit_scaffolds_n50_after"", ""mlwh_run_data_mlwh_run_complete_pacbio_max"", ""sts_COLLECTION_METHOD"", ""sts_gal_abbreviation""]}}"
"make a dashboard that displays Purged Primary Fasta File, Number of RNASeq Sequencing Requests, and DNA Yield (ng)","{""table"": {""title"": ""random"", ""attributes"": [""grit_purged_primary_fasta_file"", ""benchling_sequencing_request_rnaseq_count"", ""mlwh_yield_value""]}}"
make a board with a table including Position in Rack,"{""table"": {""title"": ""random"", ""attributes"": [""sts_pos_in_rack""]}}"
"generate a table with Latest Run Complete, Number of Expected Samples, and Earliest Tissue Prep Date","{""table"": {""title"": ""random"", ""attributes"": [""mlwh_run_data_mlwh_run_complete_max"", ""sts_num_expected_samples"", ""benchling_tissue_prep_benchling_sampleprep_date_min""]}}"
"build a table that contains Source Extractions ID, Tube/Well ID, and Ploidy","{""table"": {""title"": ""random"", ""attributes"": [""benchling_source_extractions_id"", ""sts_tubeid"", ""grit_ploidy""]}}"
make a dashboard that displays Contigs Total After,"{""table"": {""title"": ""random"", ""attributes"": [""grit_contigs_total_after""]}}"
"make a board with a table including Trio Hyb Assembly Information, What3Words, Lustre Path Analysis Base, and Kingdom","{""table"": {""title"": ""random"", ""attributes"": [""grit_trio_hyb_assembly_information"", ""sts_WHAT_3_WORDS"", ""gap_lustre_path_analysis_base"", ""tolid_kingdom""]}}"
"build a board with a table containing Latest Sample Collection Date, Contigs L50 Before, Date sent to SciOps, and Earliest Run Complete","{""table"": {""title"": ""random"", ""attributes"": [""sts_sample_sts_col_date_max"", ""grit_contigs_l50_before"", ""portaldb_date_sent_to_sciops"", ""mlwh_run_data_mlwh_run_complete_min""]}}"
show me a board with a table that includes Class Name,"{""table"": {""title"": ""random"", ""attributes"": [""goat_class_name""]}}"
"create a board with a table that displays iRODS File, Received Date, Earliest Date Assigned To Lab, and Other Info","{""table"": {""title"": ""random"", ""attributes"": [""mlwh_irods_file"", ""sts_receive_date"", ""sts_sample_benchling_date_assigned_to_lab_min"", ""sts_other_info""]}}"
"create a dashboard with a table showing Earliest Sample Submitted Date, Genus, and Number of curations","{""table"": {""title"": ""random"", ""attributes"": [""sts_sample_sts_submit_date_min"", ""tolid_genus"", ""grit_curation_count""]}}"
"build a table that contains Proxy Voucher ID, Post Spri Volume Recorded At, and Phylum","{""table"": {""title"": ""random"", ""attributes"": [""sts_PROXY_VOUCHER_ID"", ""mlwh_post_spri_volume_recorded_at"", ""tolid_phylum""]}}"
"create a table showing Date Species Marked For Recollection, Treeval, and Date Created","{""table"": {""title"": ""random"", ""attributes"": [""portaldb_date_marked_for_recollection"", ""grit_treeval"", ""sts_created_on""]}}"
"create a table showing Number of Tissue Preps, Final Nanodrop 230 Units, and Post SPRI Concentration (ng/ul)","{""table"": {""title"": ""random"", ""attributes"": [""benchling_tissue_prep_count"", ""mlwh_final_nano_drop_230_units"", ""benchling_post_spri_concentration_ngul""]}}"
create a table showing Latest Sample Submitted Date,"{""table"": {""title"": ""random"", ""attributes"": [""sts_sample_sts_submit_date_max""]}}"
build a board with a table containing Proxy Voucher ID,"{""table"": {""title"": ""random"", ""attributes"": [""sts_PROXY_VOUCHER_ID""]}}"
"create a table showing Earliest Sample Received Date, Benchling Instance, Partner: Predicted Genus, and Post SPRI Volume (ul)","{""table"": {""title"": ""random"", ""attributes"": [""sts_sample_sts_receive_date_min"", ""sts_eln_instance"", ""sts_PREDICTED_GENUS"", ""benchling_post_spri_volume_ul""]}}"
"build a board with a table containing Earliest Curation In Submission Date, Plex Count, Tax Class, and Contigs N50 Before","{""table"": {""title"": ""random"", ""attributes"": [""grit_curation_grit_in_submission_date_min"", ""mlwh_plex_count"", ""tolid_tax_class"", ""grit_contigs_n50_before""]}}"
"generate a table with Common Name, SM Processors, Release To, and Habreg2017","{""table"": {""title"": ""random"", ""attributes"": [""mlwh_common_name"", ""sts_managers"", ""grit_release_to:"", ""goat_habreg_2017""]}}"
build a board with a table containing Yaml,"{""table"": {""title"": ""random"", ""attributes"": [""grit_yaml""]}}"
show me a board with a table that includes Tissue Depleted and Sample Collected,"{""table"": {""title"": ""random"", ""attributes"": [""sts_tissue_depleted"", ""goat_sample_collected""]}}"
"generate a table with Curated Allosomes, Accepted date, and Tissue ID","{""table"": {""title"": ""random"", ""attributes"": [""grit_curated_allosomes"", ""sts_accept_date"", ""benchling_eln_tissue_id""]}}"
build a table that contains Contigs N50 Before,"{""table"": {""title"": ""random"", ""attributes"": [""grit_contigs_n50_before""]}}"
create a table showing Name and Tag 2 Sequence,"{""table"": {""title"": ""random"", ""attributes"": [""benchling_name"", ""tolqc_tag2_sequence""]}}"
"make a board with a table including Project, N50 Change Per, and Earliest Sample Received Date","{""table"": {""title"": ""random"", ""attributes"": [""sts_project"", ""grit_n50_change_per"", ""sts_sample_sts_receive_date_min""]}}"
create a board with a table that displays Date Received at Sanger,"{""table"": {""title"": ""random"", ""attributes"": [""benchling_date_sample_received_at_sanger""]}}"
"create a table showing Species Name, Latest PacBio Request, Qubit Concentration Recorded At, and Scaffolds Total Before","{""table"": {""title"": ""random"", ""attributes"": [""grit_species_name"", ""benchling_sequencing_request_benchling_completion_date_pacbio_max"", ""mlwh_qubit_concentration_ngul_recorded_at"", ""grit_scaffolds_total_before""]}}"
generate a table with DNA Depleted? and Sheared Femto Fragment Size,"{""table"": {""title"": ""random"", ""attributes"": [""sts_dna_depleted"", ""mlwh_sheared_femto_fragment_size_value""]}}"
make a board with a table including Manifest ID,"{""table"": {""title"": ""random"", ""attributes"": [""sts_manifest_id""]}}"
generate a table with STS Triage Applied and Earliest submitted date,"{""table"": {""title"": ""random"", ""attributes"": [""sts_triage_applied"", ""sts_sample_sts_submit_date_min""]}}"
"build a table that contains Tissue Prep Type, Scaffolds Total Change Per, and Number of Samples Exported to Benchling","{""table"": {""title"": ""random"", ""attributes"": [""benchling_tissue_prep_type"", ""grit_scaffolds_total_change_per"", ""benchling_sample_count""]}}"
build a board with a table containing Bottle Direction and Number of Samples In Benchling,"{""table"": {""title"": ""random"", ""attributes"": [""sts_BOTTLE_DIRECTION"", ""benchling_sample_count""]}}"
generate a table with Manifest ID,"{""table"": {""title"": ""random"", ""attributes"": [""id""]}}"
"show me a board with a table that includes Estimated Genome size, Sanger Sample ID (LRES), DOI Number, and Specimen ID","{""table"": {""title"": ""random"", ""attributes"": [""goat_genome_size"", ""benchling_sanger_sample_id"", ""id"", ""id""]}}"
"generate a board that has a table showing Volume Recorded At, STS Submit Date, STS Stored At, and Gb Yield of CCS Data Required","{""table"": {""title"": ""random"", ""attributes"": [""mlwh_volume_si_recorded_at"", ""sts_submit_date"", ""sts_stored_at"", ""benchling_gb_yield_of_ccs_data_required""]}}"
"create a dashboard with a table showing Earliest Sample Collection Date, Productive ZMWS Num, and Duration of Collection","{""table"": {""title"": ""random"", ""attributes"": [""sts_sample_sts_col_date_min"", ""mlwh_productive_zmws_num"", ""sts_DURATION_OF_COLLECTION""]}}"
build a board with a table containing Tag 2 Sequence and Date of Earliest Pacbio Run,"{""table"": {""title"": ""random"", ""attributes"": [""tolqc_tag2_sequence"", ""mlwh_run_data_mlwh_run_complete_pacbio_min""]}}"
generate a table with Curated Allosomes,"{""table"": {""title"": ""random"", ""attributes"": [""grit_curated_allosomes""]}}"
create a dashboard with a table showing Common Name and Spectophotometer Concentration (ng/ul),"{""table"": {""title"": ""random"", ""attributes"": [""tolid_common_name"", ""mlwh_final_nano_drop_value""]}}"
build a table that contains B Chromosomes and Yield (G),"{""table"": {""title"": ""random"", ""attributes"": [""grit_b_chromosomes"", ""tolqc_bases_g""]}}"
make a dashboard that displays Chromosome number,"{""table"": {""title"": ""random"", ""attributes"": [""goat_chromosome_number""]}}"
generate a table with Contigs N90 Change Per,"{""table"": {""title"": ""random"", ""attributes"": [""grit_contigs_n90_change_per""]}}"
create a dashboard with a table showing BioSpecimen ID,"{""table"": {""title"": ""random"", ""attributes"": [""sts_bio_specimen_id""]}}"
"make a board with a table including Collection Method, Scaffolds Count After, Sample Collected, and Rack ID","{""table"": {""title"": ""random"", ""attributes"": [""sts_COLLECTION_METHOD"", ""grit_scaffolds_count_after"", ""goat_sample_collected"", ""benchling_rack_id""]}}"
"build a table that contains Maximum  Tissue Prep Weight Remaining, Hifi Read Length Mean, and Curation Files","{""table"": {""title"": ""random"", ""attributes"": [""benchling_tissue_prep_benchling_weight_mg_max"", ""mlwh_hifi_read_length_mean"", ""grit_curation_files""]}}"
"build a board with a table containing COPO ID, Hybrid Assembly Date, Reopened Date, and Extraction Name","{""table"": {""title"": ""random"", ""attributes"": [""sts_copoid"", ""grit_hybrid_assembly_date"", ""grit_reopened_date"", ""benchling_extraction_name""]}}"
"create a board with a table that displays Maternal Contamination File, Time Elapsed Before Preservation, and Position in Rack","{""table"": {""title"": ""random"", ""attributes"": [""grit_maternal_contamination_file"", ""sts_pre_elapsed"", ""sts_pos_in_rack""]}}"
build a table that contains Number of Tissue Preps,"{""table"": {""title"": ""random"", ""attributes"": [""benchling_tissue_prep_count""]}}"
generate a table with Post Spri Volume Value and STS Submission Accession,"{""table"": {""title"": ""random"", ""attributes"": [""mlwh_post_spri_volume_value"", ""sts_submission_accession""]}}"
"make a dashboard that displays Lifestage, Hifi Low Quality Read Bases, Labels, and Longitude","{""table"": {""title"": ""random"", ""attributes"": [""sts_lifestage"", ""mlwh_hifi_low_quality_read_bases"", ""grit_labels"", ""sts_longitude""]}}"
create a dashboard with a table showing Purged Primary Fasta File and Description,"{""table"": {""title"": ""random"", ""attributes"": [""grit_purged_primary_fasta_file"", ""mlwh_description""]}}"
"generate a table with Contigs Total After, Catch Bottle Temperature Storage, and Post SPRI Volume (ul)","{""table"": {""title"": ""random"", ""attributes"": [""grit_contigs_total_after"", ""sts_CATCH_BOTTLE_TEMPERATURE_STORAGE"", ""benchling_post_spri_volume_ul""]}}"
"make a board with a table including P0 Number, Study ID, B&T ID, and HiC Kit","{""table"": {""title"": ""random"", ""attributes"": [""mlwh_p0_num"", ""mlwh_study_id"", ""benchling_bnt_id"", ""grit_hic_kit""]}}"
show me a board with a table that includes Pipeline ID LIMS,"{""table"": {""title"": ""random"", ""attributes"": [""mlwh_pipeline_id_lims""]}}"
"generate a table with Number of curations, ToLID Prefix, Lowest Genome Status Summary of ToLIDs, and Shipment Status Updated At","{""table"": {""title"": ""random"", ""attributes"": [""grit_curation_count"", ""sts_prefix"", ""informatics_tolid_informatics_status_summary_max"", ""sts_shipment_status_updated_at""]}}"
"generate a table with Important, Date Sequencing Request Abandoned, and 260/280 Ratio","{""table"": {""title"": ""random"", ""attributes"": [""grit_important"", ""portaldb_date_abandoned"", ""benchling_dna_260_280_ratio""]}}"
"make a board with a table including Sample ID, Number of Curation Requests, and Progress","{""table"": {""title"": ""random"", ""attributes"": [""id"", ""grit_curation_count"", ""grit_progress""]}}"
make a board with a table including Genome Size and Earliest Run Complete,"{""table"": {""title"": ""random"", ""attributes"": [""benchling_genome_size"", ""mlwh_run_data_mlwh_run_complete_min""]}}"
create a table showing Maximum DNA Extraction Volume Remaining and N50 After,"{""table"": {""title"": ""random"", ""attributes"": [""benchling_extraction_benchling_volume_ul_dna_max"", ""grit_n50_after""]}}"
"create a board with a table that displays Ethics Permits Def, Scientific Name (ToLID), and STS Submit Date","{""table"": {""title"": ""random"", ""attributes"": [""sts_ETHICS_PERMITS_DEF"", ""tolid_name"", ""sts_submit_date""]}}"
show me a board with a table that includes 260/230 Ratio Recorded At and Modified At,"{""table"": {""title"": ""random"", ""attributes"": [""mlwh_260_230_ratio_recorded_at"", ""tolqc_modified_at""]}}"
build a table that contains GAL/Hub/Partner Abbreviation and Post Spri Concentration Recorded At,"{""table"": {""title"": ""random"", ""attributes"": [""sts_gal_abbreviation"", ""mlwh_post_spri_concentration_recorded_at""]}}"
"build a table that contains Final Nanodrop 280, Number of RNASeq Sequencing Requests, Family, and Number of RNASeq Runs","{""table"": {""title"": ""random"", ""attributes"": [""mlwh_final_nano_drop_280_value"", ""benchling_sequencing_request_rnaseq_count"", ""tolid_family"", ""mlwh_run_data_rnaseq_count""]}}"
create a board with a table that displays DNA Extraction Status,"{""table"": {""title"": ""random"", ""attributes"": [""benchling_extraction_qc_result""]}}"
generate a table with STS Submit Date,"{""table"": {""title"": ""random"", ""attributes"": [""sts_submit_date""]}}"
"create a board with a table that displays Minimum Sample Priority, Earliest Curation Request Date, Lowest Genome Status Summary of ToLIDs, and Post SPRI Concentration (ng/ul)","{""table"": {""title"": ""random"", ""attributes"": [""sts_sample_sts_priority_min"", ""grit_curation_grit_created_min"", ""informatics_tolid_informatics_status_max"", ""benchling_post_spri_concentration_ngul""]}}"
"make a board with a table including GoaT Assembly Level, Turnaround Time (weeks), and COPO Profile Title","{""table"": {""title"": ""random"", ""attributes"": [""goat_assembly_level"", ""calc_tat_weeks"", ""sts_copo_profile_title""]}}"
build a board with a table containing % Assigned to Chrms,"{""table"": {""title"": ""random"", ""attributes"": [""grit_ass_percent""]}}"
make a dashboard that displays ELN File Registry ID,"{""table"": {""title"": ""random"", ""attributes"": [""benchling_eln_file_registry_id""]}}"
"build a board with a table containing Assembly Name, Bottle Direction, and Number of sequencing runs","{""table"": {""title"": ""random"", ""attributes"": [""gap_assembly_name"", ""sts_BOTTLE_DIRECTION"", ""mlwh_run_data_count""]}}"
"create a dashboard with a table showing Number of curations, Ep Synced Errors, GoaT Assembly Level, and BOLD: Class","{""table"": {""title"": ""random"", ""attributes"": [""grit_curation_count"", ""sts_ep_synced_errors"", ""goat_assembly_level"", ""bold_class""]}}"
"build a table that contains Purging Date, Priority, and Tissue Prep ID","{""table"": {""title"": ""random"", ""attributes"": [""grit_purging_date"", ""sts_priority"", ""id""]}}"
make a board with a table including STS Sra Accession,"{""table"": {""title"": ""random"", ""attributes"": [""sts_sra_accession""]}}"
build a board with a table containing Resolved and Earliest Curation Created Date,"{""table"": {""title"": ""random"", ""attributes"": [""grit_resolved"", ""grit_curation_grit_created_min""]}}"
create a table showing Geval QC Audit Checks,"{""table"": {""title"": ""random"", ""attributes"": [""grit_geval_qcaudit_checks""]}}"
"generate a table with Latest PacBio Run, Pantheon: Vernacular, and Manual Inversions","{""table"": {""title"": ""random"", ""attributes"": [""mlwh_run_data_mlwh_run_complete_pacbio_max"", ""bioscan_extra_vernacular"", ""grit_manual_inversions""]}}"
"make a board with a table including Number of Smrt Cells Required, Completed Pacbio Sequencing Requests, Open Date, and Date Individual Abandoned","{""table"": {""title"": ""random"", ""attributes"": [""benchling_number_of_smrt_cells_required"", ""benchling_pacbio_completed_sequencing_request_count"", ""grit_open_date"", ""portaldb_date_abandoned""]}}"
"show me a board with a table that includes Family representative, Cc Updated On, and Collection Method","{""table"": {""title"": ""random"", ""attributes"": [""goat_family_representative"", ""sts_cc_updated_on"", ""sts_COLLECTION_METHOD""]}}"
"create a board with a table that displays Cancelled Date, Earliest Date Sample Received, Sorting Solution Used, and Earliest received date","{""table"": {""title"": ""random"", ""attributes"": [""grit_cancelled_date"", ""sts_sample_sts_receive_date_min"", ""sts_SORTING_SOLUTION_USED"", ""sts_sample_sts_receive_date_min""]}}"
make a dashboard that displays WACA 1981,"{""table"": {""title"": ""random"", ""attributes"": [""goat_waca_1981""]}}"
build a board with a table containing Post-run genome size and On Hold Date,"{""table"": {""title"": ""random"", ""attributes"": [""sts_estimated_genome_size"", ""grit_on_hold_date""]}}"
make a board with a table including Bigwig Coverage File URL,"{""table"": {""title"": ""random"", ""attributes"": [""grit_bigwig_coverage_file_url""]}}"
"make a dashboard that displays External COntact, Tissue ID, and Accession Number","{""table"": {""title"": ""random"", ""attributes"": [""grit_external_contact"", ""benchling_eln_tissue_id"", ""mlwh_accession_number""]}}"
make a dashboard that displays Submission Sample ID and Cumulative yield,"{""table"": {""title"": ""random"", ""attributes"": [""benchling_submission_sample_id"", ""tolqc_run_data_tolqc_bases_sum""]}}"
build a board with a table containing Indigenous Rights Def,"{""table"": {""title"": ""random"", ""attributes"": [""sts_INDIGENOUS_RIGHTS_DEF""]}}"
make a dashboard that displays Species Mark For Recollection,"{""table"": {""title"": ""random"", ""attributes"": [""calc_recollection_needed""]}}"
make a board with a table including Internal STS species ID and Estimated Coverage Met?,"{""table"": {""title"": ""random"", ""attributes"": [""sts_species_id"", ""calc_coverage_met""]}}"
build a board with a table containing Earliest Sample Submitted Date and Contigs L50 After,"{""table"": {""title"": ""random"", ""attributes"": [""sts_sample_sts_submit_date_min"", ""grit_contigs_l50_after""]}}"
"create a dashboard with a table showing Biospecimen ID, Longitude Start, Latest Curation Done Date, and QC Date","{""table"": {""title"": ""random"", ""attributes"": [""mlwh_biospecimen_accession"", ""sts_LONGITUDE_START"", ""grit_curation_grit_done_date_max"", ""mlwh_qc_date""]}}"
"create a dashboard with a table showing Run, Curator, Specimen ID, and Project","{""table"": {""title"": ""random"", ""attributes"": [""tolqc_run"", ""grit_curator"", ""id"", ""sts_sample_sts_project_union""]}}"
"create a table showing Bionano Index File Location, Manual QC, and Kingdom","{""table"": {""title"": ""random"", ""attributes"": [""grit_bionano_index_file_location"", ""tolqc_manual_qc"", ""tolid_kingdom""]}}"
create a board with a table that displays Hap2 Gfastats,"{""table"": {""title"": ""random"", ""attributes"": [""grit_hap2_gfastats""]}}"
build a table that contains Number of samples in STS and STS Triage Applied,"{""table"": {""title"": ""random"", ""attributes"": [""sts_sample_count"", ""sts_triage_applied""]}}"
show me a board with a table that includes BOLD:BIN and BioSpecimen ID,"{""table"": {""title"": ""random"", ""attributes"": [""bold_bin_uri"", ""sts_bio_specimen_id""]}}"
"build a table that contains Curator, Phylum, and Fluidx ID","{""table"": {""title"": ""random"", ""attributes"": [""grit_curator"", ""tolid_phylum"", ""benchling_tissue_prep_fluidx_id""]}}"
"generate a table with Tissue Name, Sheared Femto Fragment Size Units, Tube ID, and What3Words","{""table"": {""title"": ""random"", ""attributes"": [""benchling_eln_tissue_name"", ""mlwh_sheared_femto_fragment_size_units"", ""benchling_tube_id"", ""sts_WHAT_3_WORDS""]}}"
build a board with a table containing Hifi Read Length Mean and Bplate Pre,"{""table"": {""title"": ""random"", ""attributes"": [""mlwh_hifi_read_length_mean"", ""sts_bplate_pre""]}}"
make a dashboard that displays Collection date and Status,"{""table"": {""title"": ""random"", ""attributes"": [""sts_col_date"", ""sts_status""]}}"
"generate a table with STS Submission API Sync Time, Number of curations, Control Concordance Mean, and Spectophotometer Concentration (ng/ul) Recorded At","{""table"": {""title"": ""random"", ""attributes"": [""sts_submission_api_sync_time"", ""grit_curation_count"", ""mlwh_control_concordance_mean"", ""mlwh_nanodrop_concentration_ngul_recorded_at""]}}"
show me a board with a table that includes Tissue Prep Weight (mg) and Geval Analyis Date,"{""table"": {""title"": ""random"", ""attributes"": [""benchling_weight_mg"", ""grit_geval_analysis_date""]}}"
build a board with a table containing Haploid Number,"{""table"": {""title"": ""random"", ""attributes"": [""goat_haploid_number""]}}"
"create a board with a table that displays Scaffolds Count Change Per, Purged Haplotig Fasta File, and Latest Submitted date","{""table"": {""title"": ""random"", ""attributes"": [""grit_scaffolds_count_change_per"", ""grit_purged_haplotig_fasta_file"", ""sts_sample_sts_submit_date_max""]}}"
"build a board with a table containing Morphospecies Description, Affiliation, and LIMS QC","{""table"": {""title"": ""random"", ""attributes"": [""sts_MORPHOSPECIES_DESCRIPTION"", ""sts_affiliation"", ""mlwh_lims_qc""]}}"
"make a board with a table including Project, Assembly Type, Number of Smrt Cells Required, and GAL/Partner name","{""table"": {""title"": ""random"", ""attributes"": [""grit_project"", ""grit_assembly_type"", ""benchling_number_of_smrt_cells_required"", ""sts_gal_name""]}}"
create a table showing Number of RNA Extractions and Instrument Model,"{""table"": {""title"": ""random"", ""attributes"": [""benchling_extraction_rna_count"", ""mlwh_instrument_model""]}}"
make a dashboard that displays Original Collection Date,"{""table"": {""title"": ""random"", ""attributes"": [""sts_original_collection_date""]}}"
make a board with a table including σ Progress,"{""table"": {""title"": ""random"", ""attributes"": [""grit_\u03c3_progress""]}}"
create a dashboard with a table showing CC5 Output Includes Kinetic Information,"{""table"": {""title"": ""random"", ""attributes"": [""benchling_cc5_output_includes_kinetics_information""]}}"
"build a board with a table containing STS Risk Assessment, Tissue ID, 260/230 Ratio Recorded At, and Benchling Instance","{""table"": {""title"": ""random"", ""attributes"": [""sts_risk_assessment"", ""benchling_eln_tissue_id"", ""mlwh_260_230_ratio_recorded_at"", ""sts_eln_instance""]}}"
"build a table that contains Priority, Partner: Predicted Family, Data Copied, and Estimated Species Genome Size","{""table"": {""title"": ""random"", ""attributes"": [""benchling_priority"", ""sts_PREDICTED_FAMILY"", ""grit_data_copied"", ""sts_genome_size""]}}"
"build a board with a table containing Status, Programme, and Specimen Count","{""table"": {""title"": ""random"", ""attributes"": [""sts_status"", ""sts_programme"", ""calc_no_null_tolid_tolid_count""]}}"
create a table showing Tissue ID and Ethics Permits Def,"{""table"": {""title"": ""random"", ""attributes"": [""benchling_eln_tissue_id"", ""sts_ETHICS_PERMITS_DEF""]}}"
"generate a board that has a table showing Latest Date Sample Assigned To Lab, Contigs Total Before, and What3Words","{""table"": {""title"": ""random"", ""attributes"": [""sts_sample_benchling_date_assigned_to_lab_max"", ""grit_contigs_total_before"", ""sts_WHAT_3_WORDS""]}}"
"show me a board with a table that includes Number of samples, Legacy Name, Adapter Dimer Percent, and Shipping Date","{""table"": {""title"": ""random"", ""attributes"": [""sts_sample_count"", ""tolid_legacy_name"", ""mlwh_adapter_dimer_percent"", ""sts_shipping_date""]}}"
make a dashboard that displays Nagoya Permits Def and LabWhere ID,"{""table"": {""title"": ""random"", ""attributes"": [""sts_NAGOYA_PERMITS_DEF"", ""sts_location""]}}"
"show me a board with a table that includes Order Group, Hifi Number Passes Mean, and Latest Curation Open Date","{""table"": {""title"": ""random"", ""attributes"": [""tolqc_order_group"", ""mlwh_hifi_number_passes_mean"", ""grit_curation_grit_open_date_max""]}}"
"generate a table with Earliest collection date, Assembly Status Summary, Earliest PacBio Request, and Passed Peer Review?","{""table"": {""title"": ""random"", ""attributes"": [""sts_sample_sts_col_date_min"", ""informatics_status_summary"", ""benchling_sequencing_request_benchling_completion_date_pacbio_min"", ""gn_passed_pr""]}}"
"build a table that contains Priority, Run ID, Assembled By, and Scaffolds N50 Before","{""table"": {""title"": ""random"", ""attributes"": [""grit_priority"", ""mlwh_run_id"", ""grit_assembled_by"", ""grit_scaffolds_n50_before""]}}"
create a board with a table that displays Priority and HiC Submitted Date (Legacy),"{""table"": {""title"": ""random"", ""attributes"": [""sts_priority"", ""sts_hic_submitted_date""]}}"
"show me a board with a table that includes Contigs N90 After, Run Complete, Tissue for Biobanking, and Yield (G)","{""table"": {""title"": ""random"", ""attributes"": [""grit_contigs_n90_after"", ""mlwh_run_complete"", ""sts_TISSUE_FOR_BIOBANKING"", ""tolqc_bases_g""]}}"
"create a dashboard with a table showing Export Status, STS Relocation Note, and Earliest Extraction Date","{""table"": {""title"": ""random"", ""attributes"": [""sts_ep_exported"", ""sts_relocation_note"", ""benchling_extraction_benchling_completion_date_min""]}}"
"generate a board that has a table showing Latest Sample Accepted Date, Submission Hold Date, BOLD:BIN, and Cumulative yield","{""table"": {""title"": ""random"", ""attributes"": [""sts_sample_sts_accept_date_max"", ""grit_submission_hold_date"", ""bold_bin_uri"", ""tolqc_run_data_tolqc_bases_sum""]}}"
create a dashboard with a table showing Biospecimen ID and Genome Status Summary,"{""table"": {""title"": ""random"", ""attributes"": [""benchling_biospecimen_id"", ""informatics_tolid_informatics_status_summary_min""]}}"
"make a dashboard that displays Latest Sample Accept Date, Lowest Genome Status Summary of ToLIDs, Family, and Collector ORCID ID","{""table"": {""title"": ""random"", ""attributes"": [""sts_sample_sts_accept_date_max"", ""informatics_tolid_informatics_status_summary_max"", ""tolqc_family"", ""sts_COLLECTOR_ORCID_ID""]}}"
create a board with a table that displays Released To,"{""table"": {""title"": ""random"", ""attributes"": [""grit_released_to""]}}"
"generate a board that has a table showing Resolution Summary, Contigs L90 After, and Date Assigned to Lab","{""table"": {""title"": ""random"", ""attributes"": [""grit_resolution_summary"", ""grit_contigs_l90_after"", ""benchling_date_assigned_to_lab""]}}"
generate a board that has a table showing Final Nanodrop 230 Recorded At,"{""table"": {""title"": ""random"", ""attributes"": [""mlwh_final_nano_drop_230_recorded_at""]}}"
"create a table showing Data Copied, Expected Manifest Date, Nagoya Permits Def, and Curator","{""table"": {""title"": ""random"", ""attributes"": [""grit_data_copied"", ""sts_expected_manifest_date"", ""sts_NAGOYA_PERMITS_DEF"", ""grit_curator""]}}"
create a dashboard with a table showing BOLD: Family,"{""table"": {""title"": ""random"", ""attributes"": [""bold_family""]}}"
make a dashboard that displays All Top-Up Required? and Completed Pacbio Sequencing Requests,"{""table"": {""title"": ""random"", ""attributes"": [""calc_tolid_calc_topup_required_min"", ""benchling_pacbio_completed_sequencing_request_count""]}}"
"generate a table with Accession Number, QC Status Decision By, and Final Nanodrop 230 Units","{""table"": {""title"": ""random"", ""attributes"": [""mlwh_accession_number"", ""mlwh_qc_status_decision_by"", ""mlwh_final_nano_drop_230_units""]}}"
"build a board with a table containing Post Spri Concentration Recorded At, Treeval, Release Version, and Individual Exhausted?","{""table"": {""title"": ""random"", ""attributes"": [""mlwh_post_spri_concentration_recorded_at"", ""grit_treeval"", ""grit_release_version"", ""calc_individual_exhausted""]}}"
make a board with a table including Scientific Name and Smallest Sample Target Coverage,"{""table"": {""title"": ""random"", ""attributes"": [""benchling_scientific_name"", ""sts_sample_sts_target_coverage_min""]}}"
"create a table showing Decontaminated Fasta, 260/280 Ratio, and Sequencing Platform","{""table"": {""title"": ""random"", ""attributes"": [""grit_decontaminated_fasta"", ""mlwh_260_280_ratio_value"", ""benchling_sequencing_platform""]}}"
show me a board with a table that includes Latest Sample Submitted Date and Pantheon: Broad Biotope,"{""table"": {""title"": ""random"", ""attributes"": [""sts_sample_sts_submit_date_max"", ""bioscan_extra_broad_biotope_habitat_resources""]}}"
create a board with a table that displays Number of samples in STS and Marhabreg-2017,"{""table"": {""title"": ""random"", ""attributes"": [""sts_sample_count"", ""goat_marhabreg-2017""]}}"
make a board with a table including Assembly Stage and Synonyms,"{""table"": {""title"": ""random"", ""attributes"": [""tolqclegacy_assembly_stage"", ""goat_synonym""]}}"
"show me a board with a table that includes Geval QC Audit Completion, Specimen Needed at Sanger?, and Scaffolds N90 Chage Per","{""table"": {""title"": ""random"", ""attributes"": [""grit_geval_qcaudit_completion"", ""calc_specimen_needed_at_sanger_psyche"", ""grit_scaffolds_n90_change_per""]}}"
create a dashboard with a table showing Ethics Permits Required,"{""table"": {""title"": ""random"", ""attributes"": [""sts_ETHICS_PERMITS_REQUIRED""]}}"
"make a dashboard that displays Benchling Tissue Remaining Weight, Tissue Depleted, and WACA 1981","{""table"": {""title"": ""random"", ""attributes"": [""benchling_remaining_weight"", ""sts_tissue_depleted"", ""goat_waca_1981""]}}"
generate a table with Wildlife Compliance Processors and Ongoing Pacbio Submissions,"{""table"": {""title"": ""random"", ""attributes"": [""sts_wildlife_compliance_processors"", ""calc_ongoing_submissions""]}}"
build a board with a table containing Binding Kit and RG Status (Non Human),"{""table"": {""title"": ""random"", ""attributes"": [""mlwh_binding_kit"", ""sts_rg_status_non_human""]}}"
"make a dashboard that displays Family Representative, Run Complete, and Barcoding Status","{""table"": {""title"": ""random"", ""attributes"": [""benchling_family_representative"", ""mlwh_run_complete"", ""sts_BARCODING_STATUS""]}}"
